Date,Department,Item,Opening,In,Issued,Return,Damage,Used,Closing,Note
2026-08-01,packaging,15×25,602.0,0.0,300.0,298.0,0.0,2.0,600.0,
2026-08-01,packaging,15×25 R&D,98.0,0.0,0.0,0.0,0.0,0.0,98.0,
2026-08-01,packaging,4တင်းကျွတ်,0.0,0.0,0.0,0.0,0.0,0.0,0.0,
2026-08-01,packaging,5,3.0,0.0,0.0,0.0,0.0,0.0,3.0,
2026-08-01,packaging,5×22 R&D,100.0,0.0,0.0,0.0,0.0,0.0,100.0,
2026-08-01,packaging,6,4.0,0.0,3.0,0.0,0.0,3.0,1.0,
2026-08-01,packaging,6.5,4.0,0.0,1.0,0.0,0.0,1.0,3.0,
2026-08-01,packaging,7,4.0,0.0,0.0,0.0,0.0,0.0,4.0,
2026-08-01,packaging,750,185.0,0.0,103.0,0.0,0.0,103.0,82.0,
2026-08-01,packaging,Absober,3182.0,0.0,300.0,68.0,1.0,231.0,2950.0,
2026-08-01,packaging,Bar ခဲပိတ်,114.0,0.0,0.0,0.0,0.0,0.0,114.0,
2026-08-01,packaging,Barဇစ်,883.0,0.0,24.0,0.0,0.0,24.0,859.0,
2026-08-01,packaging,Barဖု,104.0,0.0,0.0,0.0,0.0,0.0,104.0,
2026-08-01,packaging,Br Bar,3.0,0.0,0.0,0.0,0.0,0.0,3.0,
2026-08-01,packaging,Br Sticker,135.0,0.0,0.0,0.0,0.0,0.0,135.0,
2026-08-01,packaging,C,1963.0,0.0,50.0,50.0,0.0,0.0,1963.0,
2026-08-01,packaging,C Bar,3.0,0.0,0.0,0.0,0.0,0.0,3.0,
2026-08-01,packaging,C အစုံ,16.0,0.0,0.0,0.0,0.0,0.0,16.0,
2026-08-01,packaging,Cc,903.0,0.0,120.0,27.0,0.0,93.0,810.0,
2026-08-01,packaging,Cc bar,14080.0,0.0,120.0,27.0,0.0,93.0,13987.0,
2026-08-01,packaging,Cp,33.0,0.0,0.0,0.0,0.0,0.0,33.0,
2026-08-01,packaging,D,893.0,0.0,52.0,52.0,0.0,0.0,893.0,
2026-08-01,packaging,D Bar,2.0,0.0,0.0,0.0,0.0,0.0,2.0,
2026-08-01,packaging,EB,328.0,0.0,8.0,0.0,0.0,8.0,320.0,
2026-08-01,packaging,Gift Box,715.0,0.0,0.0,0.0,0.0,0.0,715.0,
2026-08-01,packaging,Lavash Sticker,131.0,0.0,6.0,6.0,0.0,0.0,131.0,
2026-08-01,packaging,Lavash အိတ်,72.0,0.0,6.0,0.0,0.0,6.0,66.0,
2026-08-01,packaging,Logo,41.0,0.0,0.0,0.0,0.0,0.0,41.0,
2026-08-01,packaging,NB,176.0,0.0,0.0,0.0,0.0,0.0,176.0,
2026-08-01,packaging,Nc,185.0,0.0,0.0,0.0,0.0,0.0,185.0,
2026-08-01,packaging,Nco,737.0,0.0,103.0,1.0,0.0,102.0,635.0,
2026-08-01,packaging,Nco bar,3.0,0.0,0.0,0.0,0.0,0.0,3.0,
2026-08-01,packaging,O,1007.0,0.0,51.0,51.0,0.0,0.0,1007.0,
2026-08-01,packaging,O Bar,2.0,0.0,0.0,0.0,0.0,0.0,2.0,
2026-08-01,packaging,O အစုံ,20.0,0.0,0.0,0.0,0.0,0.0,20.0,
2026-08-01,packaging,PB ခဲအိတ်,300.0,0.0,0.0,0.0,0.0,0.0,300.0,
2026-08-01,packaging,PB180Bar,3.0,0.0,0.0,0.0,0.0,0.0,3.0,
2026-08-01,packaging,PB180Sticker,112.0,0.0,0.0,0.0,0.0,0.0,112.0,
2026-08-01,packaging,PB180ခဲပြား,281.0,0.0,0.0,0.0,0.0,0.0,281.0,
2026-08-01,packaging,PB180ဖုံး,219.0,0.0,0.0,0.0,0.0,0.0,219.0,
2026-08-01,packaging,PB180ဘူး,145.0,0.0,0.0,0.0,0.0,0.0,145.0,
2026-08-01,packaging,PB400Bar,3.0,0.0,0.0,0.0,0.0,0.0,3.0,
2026-08-01,packaging,PB400sticker,30.0,0.0,0.0,0.0,0.0,0.0,30.0,
2026-08-01,packaging,PB400ခဲပြား,153.0,0.0,0.0,0.0,0.0,0.0,153.0,
2026-08-01,packaging,PB400ဖုံး,64.0,0.0,0.0,0.0,0.0,0.0,64.0,
2026-08-01,packaging,PB400ဘူး,53.0,0.0,0.0,0.0,0.0,0.0,53.0,
2026-08-01,packaging,PBD Bar,3.0,0.0,0.0,0.0,0.0,0.0,3.0,
2026-08-01,packaging,PBD Long,763.0,0.0,150.0,150.0,0.0,0.0,763.0,
2026-08-01,packaging,PBD Short,769.0,0.0,150.0,150.0,0.0,0.0,769.0,
2026-08-01,packaging,PBO Bar,3.0,0.0,0.0,0.0,0.0,0.0,3.0,
2026-08-01,packaging,PBO Long,580.0,0.0,150.0,0.0,0.0,150.0,430.0,
2026-08-01,packaging,PBO Short,681.0,0.0,150.0,0.0,0.0,150.0,531.0,
2026-08-01,packaging,PJ Bar နောက်,1750.0,0.0,0.0,0.0,0.0,0.0,1750.0,
2026-08-01,packaging,PJ Bar ရှေ့,56.0,0.0,0.0,0.0,0.0,0.0,56.0,
2026-08-01,packaging,Peanut 50gအိတ်,1004.0,0.0,0.0,0.0,0.0,0.0,1004.0,
2026-08-01,packaging,S,773.0,0.0,50.0,14.0,0.0,36.0,737.0,
2026-08-01,packaging,S Bar,5000.0,0.0,50.0,0.0,14.0,36.0,4950.0,
2026-08-01,packaging,S အစုံ,11.0,0.0,0.0,0.0,0.0,0.0,11.0,
2026-08-01,packaging,Sample ခဲအိတ်,100.0,0.0,0.0,0.0,0.0,0.0,100.0,
2026-08-01,packaging,Smile,1126.0,0.0,1000.0,606.0,3.0,391.0,732.0,
2026-08-01,packaging,Tape,24.0,0.0,0.0,0.0,0.0,0.0,24.0,
2026-08-01,packaging,Tissue,14.0,0.0,0.0,0.0,0.0,0.0,14.0,
2026-08-01,packaging,WMB,459.0,0.0,0.0,0.0,0.0,0.0,459.0,
2026-08-01,packaging,ခဲဇစ်,1164.0,0.0,300.0,295.0,5.0,0.0,1159.0,
2026-08-01,packaging,နယ်ကဒ်,115.0,0.0,0.0,0.0,0.0,0.0,115.0,
2026-08-01,packaging,မှိုက်ကြီး,3.0,0.0,0.0,0.0,0.0,0.0,3.0,
2026-08-01,packaging,မှိုက်သေး,3.0,0.0,0.0,0.0,0.0,0.0,3.0,
2026-08-01,packaging,လက်အိတ်,16.0,0.0,2.0,0.0,0.0,2.0,14.0,
2026-08-01,packaging,အလှအိတ်,115.0,0.0,0.0,0.0,0.0,0.0,115.0,
2026-08-02,packaging,15×25,600.0,0.0,398.0,100.0,0.0,298.0,302.0,
2026-08-02,packaging,15×25 R&D,98.0,0.0,0.0,0.0,0.0,0.0,98.0,
2026-08-02,packaging,4တင်းကျွတ်,0.0,3.0,0.0,0.0,0.0,0.0,3.0,
2026-08-02,packaging,5,3.0,0.0,0.0,0.0,0.0,0.0,3.0,
2026-08-02,packaging,5×22 R&D,100.0,0.0,0.0,0.0,0.0,0.0,100.0,
2026-08-02,packaging,6,1.0,5.0,0.0,0.0,0.0,0.0,6.0,
2026-08-02,packaging,6.5,3.0,0.0,0.0,0.0,0.0,0.0,3.0,
2026-08-02,packaging,7,4.0,0.0,0.0,0.0,0.0,0.0,4.0,
2026-08-02,packaging,750,82.0,0.0,6.0,0.0,0.0,6.0,76.0,
2026-08-02,packaging,Absober,2950.0,0.0,368.0,85.0,0.0,283.0,2667.0,
2026-08-02,packaging,Bar ခဲပိတ်,114.0,0.0,0.0,0.0,0.0,0.0,114.0,
2026-08-02,packaging,Barဇစ်,859.0,0.0,0.0,0.0,0.0,0.0,859.0,
2026-08-02,packaging,Barဖု,104.0,0.0,1.0,0.0,0.0,1.0,103.0,
2026-08-02,packaging,Br Bar,3.0,0.0,0.0,0.0,0.0,0.0,3.0,
2026-08-02,packaging,Br Sticker,135.0,0.0,80.0,0.0,0.0,80.0,55.0,
2026-08-02,packaging,C,1963.0,0.0,52.0,0.0,0.0,52.0,1911.0,
2026-08-02,packaging,C Bar,3.0,0.0,0.0,0.0,0.0,0.0,3.0,
2026-08-02,packaging,C အစုံ,16.0,0.0,0.0,0.0,0.0,0.0,16.0,
2026-08-02,packaging,Cc,810.0,0.0,0.0,0.0,0.0,0.0,810.0,
2026-08-02,packaging,Cc bar,13987.0,0.0,0.0,0.0,0.0,0.0,13987.0,
2026-08-02,packaging,Cp,33.0,0.0,0.0,0.0,0.0,0.0,33.0,
2026-08-02,packaging,D,893.0,0.0,131.0,3.0,1.0,127.0,765.0,
2026-08-02,packaging,D Bar,2.0,0.0,0.0,0.0,0.0,0.0,2.0,
2026-08-02,packaging,EB,320.0,0.0,0.0,0.0,0.0,0.0,320.0,
2026-08-02,packaging,Gift Box,715.0,0.0,0.0,0.0,0.0,0.0,715.0,
2026-08-02,packaging,Lavash Sticker,131.0,0.0,0.0,0.0,0.0,0.0,131.0,
2026-08-02,packaging,Lavash အိတ်,66.0,0.0,0.0,0.0,0.0,0.0,66.0,
2026-08-02,packaging,Logo,41.0,0.0,7.0,0.0,0.0,7.0,34.0,
2026-08-02,packaging,NB,176.0,0.0,0.0,0.0,0.0,0.0,176.0,
2026-08-02,packaging,Nc,185.0,0.0,6.0,0.0,0.0,6.0,179.0,
2026-08-02,packaging,Nco,635.0,0.0,0.0,0.0,0.0,0.0,635.0,
2026-08-02,packaging,Nco bar,3.0,0.0,0.0,0.0,0.0,0.0,3.0,
2026-08-02,packaging,O,1007.0,0.0,60.0,6.0,0.0,54.0,953.0,
2026-08-02,packaging,O Bar,2.0,0.0,0.0,0.0,0.0,0.0,2.0,
2026-08-02,packaging,O အစုံ,20.0,0.0,0.0,0.0,0.0,0.0,20.0,
2026-08-02,packaging,PB ခဲအိတ်,300.0,0.0,0.0,0.0,0.0,0.0,300.0,
2026-08-02,packaging,PB180Bar,3.0,0.0,0.0,0.0,0.0,0.0,3.0,
2026-08-02,packaging,PB180Sticker,112.0,0.0,0.0,0.0,0.0,0.0,112.0,
2026-08-02,packaging,PB180ခဲပြား,281.0,0.0,0.0,0.0,0.0,0.0,281.0,
2026-08-02,packaging,PB180ဖုံး,219.0,0.0,0.0,0.0,0.0,0.0,219.0,
2026-08-02,packaging,PB180ဘူး,145.0,0.0,0.0,0.0,0.0,0.0,145.0,
2026-08-02,packaging,PB400Bar,3.0,0.0,0.0,0.0,0.0,0.0,3.0,
2026-08-02,packaging,PB400sticker,30.0,0.0,0.0,0.0,0.0,0.0,30.0,
2026-08-02,packaging,PB400ခဲပြား,153.0,0.0,0.0,0.0,0.0,0.0,153.0,
2026-08-02,packaging,PB400ဖုံး,64.0,0.0,0.0,0.0,0.0,0.0,64.0,
2026-08-02,packaging,PB400ဘူး,53.0,0.0,0.0,0.0,0.0,0.0,53.0,
2026-08-02,packaging,PBD Bar,3.0,0.0,0.0,0.0,0.0,0.0,3.0,
2026-08-02,packaging,PBD Long,763.0,0.0,250.0,19.0,10.0,221.0,532.0,
2026-08-02,packaging,PBD Short,769.0,0.0,250.0,21.0,8.0,221.0,540.0,
2026-08-02,packaging,PBO Bar,3.0,0.0,0.0,0.0,0.0,0.0,3.0,
2026-08-02,packaging,PBO Long,430.0,0.0,146.0,83.0,0.0,63.0,367.0,
2026-08-02,packaging,PBO Short,531.0,0.0,146.0,83.0,0.0,63.0,468.0,
2026-08-02,packaging,PJ Bar နောက်,1750.0,0.0,0.0,0.0,0.0,0.0,1750.0,
2026-08-02,packaging,PJ Bar ရှေ့,56.0,0.0,0.0,0.0,0.0,0.0,56.0,
2026-08-02,packaging,Peanut 50gအိတ်,1004.0,0.0,0.0,0.0,0.0,0.0,1004.0,
2026-08-02,packaging,S,737.0,0.0,55.0,2.0,0.0,53.0,684.0,
2026-08-02,packaging,S Bar,4950.0,0.0,55.0,0.0,1.0,54.0,4895.0,
2026-08-02,packaging,S အစုံ,11.0,0.0,0.0,0.0,0.0,0.0,11.0,
2026-08-02,packaging,Sample ခဲအိတ်,100.0,0.0,0.0,0.0,0.0,0.0,100.0,
2026-08-02,packaging,Smile,732.0,3000.0,936.0,80.0,3.0,853.0,2876.0,
2026-08-02,packaging,Tape,24.0,0.0,0.0,0.0,0.0,0.0,24.0,
2026-08-02,packaging,Tissue,14.0,0.0,0.0,0.0,0.0,0.0,14.0,
2026-08-02,packaging,WMB,459.0,0.0,0.0,0.0,0.0,0.0,459.0,
2026-08-02,packaging,ခဲဇစ်,1159.0,0.0,396.0,0.0,0.0,396.0,763.0,
2026-08-02,packaging,နယ်ကဒ်,115.0,0.0,0.0,0.0,0.0,0.0,115.0,
2026-08-02,packaging,မှိုက်ကြီး,3.0,0.0,0.0,0.0,0.0,0.0,3.0,
2026-08-02,packaging,မှိုက်သေး,3.0,0.0,0.0,0.0,0.0,0.0,3.0,
2026-08-02,packaging,လက်အိတ်,14.0,0.0,1.0,0.0,0.0,1.0,13.0,
2026-08-02,packaging,အလှအိတ်,115.0,0.0,7.0,0.0,0.0,7.0,108.0,
2026-08-03,packaging,15×25,302.0,2000.0,515.0,100.0,0.0,415.0,1887.0,
2026-08-03,packaging,15×25 R&D,98.0,0.0,0.0,0.0,0.0,0.0,98.0,
2026-08-03,packaging,4တင်းကျွတ်,3.0,0.0,1.0,0.0,0.0,1.0,2.0,
2026-08-03,packaging,5,3.0,0.0,0.0,0.0,0.0,0.0,3.0,
2026-08-03,packaging,5×22 R&D,100.0,0.0,0.0,0.0,0.0,0.0,100.0,
2026-08-03,packaging,6,6.0,0.0,0.0,0.0,0.0,0.0,6.0,
2026-08-03,packaging,6.5,3.0,0.0,0.0,0.0,0.0,0.0,3.0,
2026-08-03,packaging,7,4.0,0.0,0.0,0.0,0.0,0.0,4.0,
2026-08-03,packaging,750,76.0,0.0,6.0,0.0,0.0,6.0,70.0,
2026-08-03,packaging,Absober,2667.0,0.0,345.0,145.0,0.0,200.0,2467.0,
2026-08-03,packaging,Bar ခဲပိတ်,114.0,0.0,0.0,0.0,0.0,0.0,114.0,
2026-08-03,packaging,Barဇစ်,859.0,0.0,0.0,0.0,0.0,0.0,859.0,
2026-08-03,packaging,Barဖု,103.0,0.0,6.0,0.0,0.0,6.0,97.0,
2026-08-03,packaging,Br Bar,3.0,0.0,0.0,0.0,0.0,0.0,3.0,
2026-08-03,packaging,Br Sticker,55.0,0.0,0.0,0.0,0.0,0.0,55.0,
2026-08-03,packaging,C,1911.0,0.0,6.0,3.0,2.0,1.0,1908.0,
2026-08-03,packaging,C Bar,3.0,0.0,0.0,0.0,0.0,0.0,3.0,
2026-08-03,packaging,C အစုံ,16.0,0.0,0.0,0.0,0.0,0.0,16.0,
2026-08-03,packaging,Cc,810.0,0.0,50.0,0.0,0.0,50.0,760.0,
2026-08-03,packaging,Cc bar,13987.0,0.0,0.0,0.0,0.0,0.0,13987.0,
2026-08-03,packaging,Cp,33.0,0.0,0.0,0.0,0.0,0.0,33.0,
2026-08-03,packaging,D,765.0,0.0,126.0,10.0,2.0,114.0,649.0,
2026-08-03,packaging,D Bar,2.0,0.0,0.0,0.0,0.0,0.0,2.0,
2026-08-03,packaging,EB,320.0,0.0,6.0,0.0,0.0,6.0,314.0,
2026-08-03,packaging,Gift Box,715.0,0.0,0.0,0.0,0.0,0.0,715.0,
2026-08-03,packaging,Lavash Sticker,131.0,0.0,9.0,3.0,3.0,3.0,125.0,
2026-08-03,packaging,Lavash အိတ်,66.0,0.0,0.0,0.0,0.0,0.0,66.0,
2026-08-03,packaging,Logo,34.0,0.0,0.0,2.0,0.0,-2.0,36.0,
2026-08-03,packaging,NB,176.0,0.0,6.0,0.0,0.0,6.0,170.0,
2026-08-03,packaging,Nc,179.0,0.0,6.0,0.0,0.0,6.0,173.0,
2026-08-03,packaging,Nco,635.0,0.0,86.0,0.0,0.0,86.0,549.0,
2026-08-03,packaging,Nco bar,3.0,0.0,0.0,0.0,0.0,0.0,3.0,
2026-08-03,packaging,O,953.0,0.0,60.0,6.0,0.0,54.0,899.0,
2026-08-03,packaging,O Bar,2.0,0.0,0.0,0.0,0.0,0.0,2.0,
2026-08-03,packaging,O အစုံ,20.0,0.0,1.0,0.0,0.0,1.0,19.0,
2026-08-03,packaging,PB ခဲအိတ်,300.0,0.0,0.0,0.0,0.0,0.0,300.0,
2026-08-03,packaging,PB180Bar,3.0,0.0,0.0,0.0,0.0,0.0,3.0,
2026-08-03,packaging,PB180Sticker,112.0,0.0,0.0,0.0,0.0,0.0,112.0,
2026-08-03,packaging,PB180ခဲပြား,281.0,0.0,0.0,0.0,0.0,0.0,281.0,
2026-08-03,packaging,PB180ဖုံး,219.0,0.0,0.0,0.0,0.0,0.0,219.0,
2026-08-03,packaging,PB180ဘူး,145.0,0.0,0.0,0.0,0.0,0.0,145.0,
2026-08-03,packaging,PB400Bar,3.0,0.0,0.0,0.0,0.0,0.0,3.0,
2026-08-03,packaging,PB400sticker,30.0,0.0,0.0,0.0,0.0,0.0,30.0,
2026-08-03,packaging,PB400ခဲပြား,153.0,0.0,0.0,0.0,0.0,0.0,153.0,
2026-08-03,packaging,PB400ဖုံး,64.0,0.0,0.0,0.0,0.0,0.0,64.0,
2026-08-03,packaging,PB400ဘူး,53.0,0.0,0.0,0.0,0.0,0.0,53.0,
2026-08-03,packaging,PBD Bar,3.0,0.0,0.0,0.0,0.0,0.0,3.0,
2026-08-03,packaging,PBD Long,532.0,0.0,314.0,52.0,10.0,252.0,270.0,
2026-08-03,packaging,PBD Short,540.0,0.0,314.0,62.0,0.0,252.0,288.0,
2026-08-03,packaging,PBO Bar,3.0,0.0,0.0,0.0,0.0,0.0,3.0,
2026-08-03,packaging,PBO Long,367.0,0.0,182.0,20.0,0.0,162.0,205.0,
2026-08-03,packaging,PBO Short,468.0,0.0,182.0,20.0,0.0,162.0,306.0,
2026-08-03,packaging,PJ Bar နောက်,1750.0,0.0,0.0,0.0,0.0,0.0,1750.0,
2026-08-03,packaging,PJ Bar ရှေ့,56.0,0.0,0.0,0.0,0.0,0.0,56.0,
2026-08-03,packaging,Peanut 50gအိတ်,1004.0,0.0,0.0,0.0,0.0,0.0,1004.0,
2026-08-03,packaging,S,684.0,0.0,33.0,1.0,1.0,31.0,652.0,
2026-08-03,packaging,S Bar,4895.0,0.0,33.0,0.0,1.0,32.0,4862.0,
2026-08-03,packaging,S အစုံ,11.0,0.0,0.0,0.0,0.0,0.0,11.0,
2026-08-03,packaging,Sample ခဲအိတ်,100.0,0.0,0.0,0.0,0.0,0.0,100.0,
2026-08-03,packaging,Smile,2876.0,0.0,643.0,43.0,0.0,600.0,2276.0,
2026-08-03,packaging,Tape,24.0,0.0,0.0,0.0,0.0,0.0,24.0,
2026-08-03,packaging,Tissue,14.0,0.0,0.0,0.0,0.0,0.0,14.0,
2026-08-03,packaging,WMB,459.0,0.0,0.0,0.0,0.0,0.0,459.0,
2026-08-03,packaging,ခဲဇစ်,763.0,0.0,446.0,22.0,10.0,414.0,339.0,
2026-08-03,packaging,နယ်ကဒ်,115.0,0.0,0.0,0.0,0.0,0.0,115.0,
2026-08-03,packaging,မှိုက်ကြီး,3.0,0.0,0.0,0.0,0.0,0.0,3.0,
2026-08-03,packaging,မှိုက်သေး,3.0,0.0,0.0,0.0,0.0,0.0,3.0,
2026-08-03,packaging,လက်အိတ်,13.0,10.0,0.0,0.0,0.0,0.0,23.0,
2026-08-03,packaging,အလှအိတ်,108.0,0.0,0.0,0.0,0.0,0.0,108.0,
2026-08-04,packaging,15×25,1887.0,0.0,400.0,25.0,0.0,375.0,1512.0,
2026-08-04,packaging,15×25 R&D,98.0,0.0,0.0,0.0,0.0,0.0,98.0,
2026-08-04,packaging,4တင်းကျွတ်,2.0,0.0,0.0,0.0,0.0,0.0,2.0,
2026-08-04,packaging,5,3.0,0.0,0.0,0.0,0.0,0.0,3.0,
2026-08-04,packaging,5×22 R&D,100.0,0.0,0.0,0.0,0.0,0.0,100.0,
2026-08-04,packaging,6,6.0,0.0,0.0,0.0,0.0,0.0,6.0,
2026-08-04,packaging,6.5,3.0,0.0,0.0,0.0,0.0,0.0,3.0,
2026-08-04,packaging,7,4.0,0.0,0.0,0.0,0.0,0.0,4.0,
2026-08-04,packaging,750,70.0,0.0,70.0,0.0,0.0,70.0,0.0,
2026-08-04,packaging,Absober,2467.0,0.0,342.0,0.0,0.0,342.0,2125.0,
2026-08-04,packaging,Bar ခဲပိတ်,114.0,0.0,0.0,0.0,0.0,0.0,114.0,
2026-08-04,packaging,Barဇစ်,859.0,0.0,0.0,0.0,0.0,0.0,859.0,
2026-08-04,packaging,Barဖု,97.0,0.0,0.0,0.0,0.0,0.0,97.0,
2026-08-04,packaging,Br Bar,3.0,0.0,0.0,0.0,0.0,0.0,3.0,
2026-08-04,packaging,Br Sticker,55.0,0.0,0.0,0.0,0.0,0.0,55.0,
2026-08-04,packaging,C,1908.0,0.0,4.0,0.0,2.0,2.0,1904.0,
2026-08-04,packaging,C Bar,3.0,0.0,0.0,0.0,0.0,0.0,3.0,
2026-08-04,packaging,C အစုံ,16.0,0.0,0.0,0.0,0.0,0.0,16.0,
2026-08-04,packaging,Cc,760.0,0.0,50.0,0.0,10.0,40.0,710.0,
2026-08-04,packaging,Cc bar,13987.0,0.0,0.0,0.0,0.0,0.0,13987.0,
2026-08-04,packaging,Cp,33.0,0.0,0.0,0.0,0.0,0.0,33.0,
2026-08-04,packaging,D,649.0,0.0,56.0,6.0,0.0,50.0,599.0,
2026-08-04,packaging,D Bar,2.0,0.0,0.0,0.0,0.0,0.0,2.0,
2026-08-04,packaging,EB,314.0,0.0,0.0,0.0,0.0,0.0,314.0,
2026-08-04,packaging,Gift Box,715.0,0.0,0.0,0.0,0.0,0.0,715.0,
2026-08-04,packaging,Lavash Sticker,125.0,0.0,0.0,0.0,0.0,0.0,125.0,
2026-08-04,packaging,Lavash အိတ်,66.0,0.0,0.0,0.0,0.0,0.0,66.0,
2026-08-04,packaging,Logo,34.0,0.0,0.0,0.0,0.0,0.0,34.0,
2026-08-04,packaging,NB,170.0,0.0,0.0,0.0,0.0,0.0,170.0,
2026-08-04,packaging,Nc,173.0,0.0,0.0,0.0,0.0,0.0,173.0,
2026-08-04,packaging,Nco,549.0,0.0,0.0,0.0,2.0,-2.0,549.0,
2026-08-04,packaging,Nco bar,3.0,0.0,0.0,0.0,0.0,0.0,3.0,
2026-08-04,packaging,O,899.0,0.0,56.0,0.0,0.0,56.0,843.0,
2026-08-04,packaging,O Bar,2.0,0.0,0.0,0.0,0.0,0.0,2.0,
2026-08-04,packaging,O အစုံ,19.0,0.0,0.0,0.0,0.0,0.0,19.0,
2026-08-04,packaging,PB ခဲအိတ်,300.0,0.0,0.0,0.0,0.0,0.0,300.0,
2026-08-04,packaging,PB180Bar,3.0,0.0,0.0,0.0,0.0,0.0,3.0,
2026-08-04,packaging,PB180Sticker,112.0,0.0,0.0,0.0,0.0,0.0,112.0,
2026-08-04,packaging,PB180ခဲပြား,281.0,0.0,0.0,0.0,0.0,0.0,281.0,
2026-08-04,packaging,PB180ဖုံး,219.0,0.0,0.0,0.0,0.0,0.0,219.0,
2026-08-04,packaging,PB180ဘူး,145.0,0.0,0.0,0.0,0.0,0.0,145.0,
2026-08-04,packaging,PB400Bar,3.0,0.0,0.0,0.0,0.0,0.0,3.0,
2026-08-04,packaging,PB400sticker,30.0,0.0,0.0,0.0,0.0,0.0,30.0,
2026-08-04,packaging,PB400ခဲပြား,153.0,0.0,0.0,0.0,0.0,0.0,153.0,
2026-08-04,packaging,PB400ဖုံး,64.0,0.0,0.0,0.0,0.0,0.0,64.0,
2026-08-04,packaging,PB400ဘူး,53.0,0.0,0.0,0.0,0.0,0.0,53.0,
2026-08-04,packaging,PBD Bar,3.0,0.0,0.0,0.0,0.0,0.0,3.0,
2026-08-04,packaging,PBD Long,270.0,998.0,180.0,10.0,12.0,158.0,1098.0,
2026-08-04,packaging,PBD Short,288.0,1025.0,171.0,12.0,1.0,158.0,1154.0,
2026-08-04,packaging,PBO Bar,3.0,0.0,0.0,0.0,0.0,0.0,3.0,
2026-08-04,packaging,PBO Long,205.0,999.0,220.0,0.0,0.0,220.0,984.0,
2026-08-04,packaging,PBO Short,306.0,1006.0,220.0,3.0,1.0,216.0,1095.0,
2026-08-04,packaging,PJ Bar နောက်,1750.0,0.0,0.0,0.0,0.0,0.0,1750.0,
2026-08-04,packaging,PJ Bar ရှေ့,56.0,0.0,0.0,0.0,0.0,0.0,56.0,
2026-08-04,packaging,Peanut 50gအိတ်,1004.0,0.0,0.0,0.0,0.0,0.0,1004.0,
2026-08-04,packaging,S,652.0,0.0,40.0,0.0,0.0,40.0,612.0,
2026-08-04,packaging,S Bar,4862.0,0.0,40.0,0.0,1.0,39.0,4822.0,
2026-08-04,packaging,S အစုံ,11.0,0.0,0.0,0.0,0.0,0.0,11.0,
2026-08-04,packaging,Sample ခဲအိတ်,100.0,0.0,0.0,0.0,0.0,0.0,100.0,
2026-08-04,packaging,Smile,2276.0,0.0,800.0,0.0,0.0,800.0,1476.0,
2026-08-04,packaging,Tape,24.0,0.0,0.0,0.0,0.0,0.0,24.0,
2026-08-04,packaging,Tissue,14.0,0.0,0.0,0.0,0.0,0.0,14.0,
2026-08-04,packaging,WMB,459.0,0.0,0.0,0.0,0.0,0.0,459.0,
2026-08-04,packaging,ခဲဇစ်,339.0,2000.0,400.0,15.0,0.0,385.0,1954.0,
2026-08-04,packaging,နယ်ကဒ်,115.0,0.0,0.0,0.0,0.0,0.0,115.0,
2026-08-04,packaging,မှိုက်ကြီး,3.0,0.0,0.0,0.0,0.0,0.0,3.0,
2026-08-04,packaging,မှိုက်သေး,3.0,0.0,0.0,0.0,0.0,0.0,3.0,
2026-08-04,packaging,လက်အိတ်,23.0,0.0,0.0,0.0,0.0,0.0,23.0,
2026-08-04,packaging,အလှအိတ်,108.0,0.0,0.0,0.0,0.0,0.0,108.0,
2026-08-05,packaging,15×25,1512.0,0.0,400.0,272.0,0.0,128.0,1384.0,
2026-08-05,packaging,15×25 R&D,98.0,0.0,0.0,0.0,0.0,0.0,98.0,
2026-08-05,packaging,4တင်းကျွတ်,2.0,0.0,0.0,0.0,0.0,0.0,2.0,
2026-08-05,packaging,5,3.0,0.0,0.0,0.0,0.0,0.0,3.0,
2026-08-05,packaging,5×22 R&D,100.0,0.0,0.0,0.0,0.0,0.0,100.0,
2026-08-05,packaging,6,6.0,0.0,0.0,0.0,0.0,0.0,6.0,
2026-08-05,packaging,6.5,3.0,0.0,0.0,0.0,0.0,0.0,3.0,
2026-08-05,packaging,7,4.0,0.0,0.0,0.0,0.0,0.0,4.0,
2026-08-05,packaging,750,0.0,300.0,105.0,0.0,1.0,104.0,195.0,
2026-08-05,packaging,Absober,2125.0,0.0,445.0,30.0,0.0,415.0,1710.0,
2026-08-05,packaging,Bar ခဲပိတ်,114.0,0.0,0.0,0.0,0.0,0.0,114.0,
2026-08-05,packaging,Barဇစ်,859.0,0.0,0.0,0.0,0.0,0.0,859.0,
2026-08-05,packaging,Barဖု,97.0,0.0,0.0,0.0,0.0,0.0,97.0,
2026-08-05,packaging,Br Bar,3.0,0.0,0.0,0.0,0.0,0.0,3.0,
2026-08-05,packaging,Br Sticker,55.0,0.0,0.0,0.0,0.0,0.0,55.0,
2026-08-05,packaging,C,1904.0,0.0,30.0,9.0,0.0,21.0,1883.0,
2026-08-05,packaging,C Bar,3.0,0.0,0.0,0.0,0.0,0.0,3.0,
2026-08-05,packaging,C အစုံ,16.0,0.0,1.0,0.0,0.0,1.0,15.0,
2026-08-05,packaging,Cc,710.0,0.0,99.0,18.0,0.0,81.0,629.0,
2026-08-05,packaging,Cc bar,13987.0,0.0,0.0,0.0,0.0,0.0,13987.0,
2026-08-05,packaging,Cp,33.0,0.0,0.0,0.0,0.0,0.0,33.0,
2026-08-05,packaging,D,599.0,0.0,53.0,3.0,0.0,50.0,549.0,
2026-08-05,packaging,D Bar,2.0,0.0,0.0,0.0,0.0,0.0,2.0,
2026-08-05,packaging,EB,314.0,0.0,0.0,0.0,0.0,0.0,314.0,
2026-08-05,packaging,Gift Box,715.0,0.0,0.0,0.0,0.0,0.0,715.0,
2026-08-05,packaging,Lavash Sticker,125.0,0.0,0.0,0.0,0.0,0.0,125.0,
2026-08-05,packaging,Lavash အိတ်,66.0,0.0,0.0,0.0,0.0,0.0,66.0,
2026-08-05,packaging,Logo,34.0,0.0,0.0,0.0,0.0,0.0,34.0,
2026-08-05,packaging,NB,170.0,0.0,0.0,0.0,0.0,0.0,170.0,
2026-08-05,packaging,Nc,173.0,0.0,0.0,0.0,0.0,0.0,173.0,
2026-08-05,packaging,Nco,547.0,0.0,101.0,0.0,0.0,101.0,446.0,
2026-08-05,packaging,Nco bar,3.0,0.0,0.0,0.0,0.0,0.0,3.0,
2026-08-05,packaging,O,843.0,0.0,115.0,5.0,0.0,110.0,733.0,
2026-08-05,packaging,O Bar,2.0,0.0,0.0,0.0,0.0,0.0,2.0,
2026-08-05,packaging,O အစုံ,19.0,0.0,1.0,0.0,0.0,1.0,18.0,
2026-08-05,packaging,PB ခဲအိတ်,300.0,0.0,0.0,0.0,0.0,0.0,300.0,
2026-08-05,packaging,PB180Bar,3.0,0.0,0.0,0.0,0.0,0.0,3.0,
2026-08-05,packaging,PB180Sticker,112.0,0.0,0.0,0.0,0.0,0.0,112.0,
2026-08-05,packaging,PB180ခဲပြား,281.0,0.0,0.0,0.0,0.0,0.0,281.0,
2026-08-05,packaging,PB180ဖုံး,219.0,0.0,0.0,0.0,0.0,0.0,219.0,
2026-08-05,packaging,PB180ဘူး,145.0,0.0,0.0,0.0,0.0,0.0,145.0,
2026-08-05,packaging,PB400Bar,3.0,0.0,0.0,0.0,0.0,0.0,3.0,
2026-08-05,packaging,PB400sticker,30.0,0.0,0.0,0.0,0.0,0.0,30.0,
2026-08-05,packaging,PB400ခဲပြား,153.0,0.0,0.0,0.0,0.0,0.0,153.0,
2026-08-05,packaging,PB400ဖုံး,64.0,0.0,0.0,0.0,0.0,0.0,64.0,
2026-08-05,packaging,PB400ဘူး,53.0,0.0,0.0,0.0,0.0,0.0,53.0,
2026-08-05,packaging,PBD Bar,3.0,0.0,0.0,0.0,0.0,0.0,3.0,
2026-08-05,packaging,PBD Long,1098.0,0.0,202.0,107.0,0.0,95.0,1003.0,
2026-08-05,packaging,PBD Short,1154.0,0.0,210.0,115.0,0.0,95.0,1059.0,
2026-08-05,packaging,PBO Bar,3.0,0.0,0.0,0.0,0.0,0.0,3.0,
2026-08-05,packaging,PBO Long,984.0,0.0,123.0,90.0,1.0,32.0,951.0,
2026-08-05,packaging,PBO Short,1095.0,0.0,123.0,91.0,0.0,32.0,1063.0,
2026-08-05,packaging,PJ Bar နောက်,1750.0,0.0,0.0,0.0,0.0,0.0,1750.0,
2026-08-05,packaging,PJ Bar ရှေ့,56.0,0.0,0.0,0.0,0.0,0.0,56.0,
2026-08-05,packaging,Peanut 50gအိတ်,1004.0,0.0,0.0,0.0,0.0,0.0,1004.0,
2026-08-05,packaging,S,612.0,0.0,60.0,8.0,0.0,52.0,560.0,
2026-08-05,packaging,S Bar,4822.0,0.0,0.0,0.0,0.0,0.0,4822.0,
2026-08-05,packaging,S အစုံ,11.0,0.0,0.0,0.0,0.0,0.0,11.0,
2026-08-05,packaging,Sample ခဲအိတ်,100.0,0.0,0.0,0.0,0.0,0.0,100.0,
2026-08-05,packaging,Smile,1476.0,0.0,978.0,34.0,2.0,942.0,532.0,
2026-08-05,packaging,Tape,24.0,0.0,9.0,0.0,0.0,9.0,15.0,
2026-08-05,packaging,Tissue,14.0,0.0,0.0,0.0,0.0,0.0,14.0,
2026-08-05,packaging,WMB,459.0,0.0,0.0,0.0,0.0,0.0,459.0,
2026-08-05,packaging,ခဲဇစ်,1954.0,0.0,365.0,238.0,0.0,127.0,1827.0,
2026-08-05,packaging,နယ်ကဒ်,115.0,0.0,0.0,0.0,0.0,0.0,115.0,
2026-08-05,packaging,မှိုက်ကြီး,3.0,0.0,0.0,0.0,0.0,0.0,3.0,
2026-08-05,packaging,မှိုက်သေး,3.0,0.0,0.0,0.0,0.0,0.0,3.0,
2026-08-05,packaging,လက်အိတ်,23.0,0.0,1.0,0.0,0.0,1.0,22.0,
2026-08-05,packaging,အလှအိတ်,108.0,0.0,0.0,0.0,0.0,0.0,108.0,
2026-08-06,packaging,15×25,1384.0,0.0,472.0,60.0,0.0,412.0,972.0,
2026-08-06,packaging,15×25 R&D,98.0,0.0,0.0,0.0,0.0,0.0,98.0,
2026-08-06,packaging,4တင်းကျွတ်,2.0,0.0,1.0,0.0,0.0,1.0,1.0,
2026-08-06,packaging,5,3.0,0.0,0.0,0.0,0.0,0.0,3.0,
2026-08-06,packaging,5×22 R&D,100.0,0.0,0.0,0.0,0.0,0.0,100.0,
2026-08-06,packaging,6,6.0,0.0,0.0,0.0,0.0,0.0,6.0,
2026-08-06,packaging,6.5,3.0,0.0,0.0,0.0,0.0,0.0,3.0,
2026-08-06,packaging,7,4.0,0.0,0.0,0.0,0.0,0.0,4.0,
2026-08-06,packaging,750,195.0,0.0,50.0,50.0,0.0,0.0,195.0,
2026-08-06,packaging,Absober,1710.0,0.0,400.0,73.0,0.0,327.0,1383.0,
2026-08-06,packaging,Bar ခဲပိတ်,114.0,0.0,0.0,0.0,0.0,0.0,114.0,
2026-08-06,packaging,Barဇစ်,859.0,0.0,0.0,0.0,0.0,0.0,859.0,
2026-08-06,packaging,Barဖု,97.0,0.0,0.0,0.0,0.0,0.0,97.0,
2026-08-06,packaging,Br Bar,3.0,0.0,0.0,0.0,0.0,0.0,3.0,
2026-08-06,packaging,Br Sticker,55.0,0.0,0.0,0.0,0.0,0.0,55.0,
2026-08-06,packaging,C,1883.0,0.0,0.0,0.0,0.0,0.0,1883.0,
2026-08-06,packaging,C Bar,3.0,0.0,0.0,0.0,0.0,0.0,3.0,
2026-08-06,packaging,C အစုံ,15.0,0.0,0.0,0.0,0.0,0.0,15.0,
2026-08-06,packaging,Cc,629.0,953.0,48.0,0.0,0.0,48.0,1534.0,
2026-08-06,packaging,Cc bar,13987.0,0.0,48.0,8.0,0.0,40.0,13947.0,
2026-08-06,packaging,Cp,33.0,0.0,0.0,0.0,0.0,0.0,33.0,
2026-08-06,packaging,D,549.0,974.0,53.0,1.0,0.0,52.0,1471.0,
2026-08-06,packaging,D Bar,2.0,0.0,0.0,0.0,0.0,0.0,2.0,
2026-08-06,packaging,EB,314.0,0.0,0.0,0.0,0.0,0.0,314.0,
2026-08-06,packaging,Gift Box,715.0,0.0,0.0,0.0,0.0,0.0,715.0,
2026-08-06,packaging,Lavash Sticker,125.0,0.0,0.0,0.0,0.0,0.0,125.0,
2026-08-06,packaging,Lavash အိတ်,66.0,0.0,0.0,0.0,0.0,0.0,66.0,
2026-08-06,packaging,Logo,34.0,0.0,0.0,0.0,0.0,0.0,34.0,
2026-08-06,packaging,NB,170.0,0.0,0.0,0.0,0.0,0.0,170.0,
2026-08-06,packaging,Nc,173.0,0.0,0.0,0.0,0.0,0.0,173.0,
2026-08-06,packaging,Nco,446.0,1034.0,50.0,50.0,0.0,0.0,1480.0,
2026-08-06,packaging,Nco bar,3.0,0.0,0.0,0.0,0.0,0.0,3.0,
2026-08-06,packaging,O,733.0,985.0,85.0,1.0,0.0,84.0,1634.0,
2026-08-06,packaging,O Bar,2.0,0.0,0.0,0.0,0.0,0.0,2.0,
2026-08-06,packaging,O အစုံ,18.0,0.0,0.0,0.0,0.0,0.0,18.0,
2026-08-06,packaging,PB ခဲအိတ်,300.0,0.0,0.0,0.0,0.0,0.0,300.0,
2026-08-06,packaging,PB180Bar,3.0,0.0,0.0,0.0,0.0,0.0,3.0,
2026-08-06,packaging,PB180Sticker,112.0,0.0,30.0,0.0,0.0,30.0,82.0,
2026-08-06,packaging,PB180ခဲပြား,281.0,0.0,0.0,0.0,0.0,0.0,281.0,
2026-08-06,packaging,PB180ဖုံး,219.0,0.0,30.0,0.0,0.0,30.0,189.0,
2026-08-06,packaging,PB180ဘူး,145.0,0.0,31.0,0.0,1.0,30.0,114.0,
2026-08-06,packaging,PB400Bar,3.0,0.0,0.0,0.0,0.0,0.0,3.0,
2026-08-06,packaging,PB400sticker,30.0,0.0,1.0,0.0,0.0,1.0,29.0,
2026-08-06,packaging,PB400ခဲပြား,153.0,0.0,0.0,0.0,0.0,0.0,153.0,
2026-08-06,packaging,PB400ဖုံး,64.0,0.0,0.0,0.0,0.0,0.0,64.0,
2026-08-06,packaging,PB400ဘူး,53.0,0.0,1.0,0.0,0.0,1.0,52.0,
2026-08-06,packaging,PBD Bar,3.0,0.0,0.0,0.0,0.0,0.0,3.0,
2026-08-06,packaging,PBD Long,1003.0,0.0,219.0,0.0,0.0,219.0,784.0,
2026-08-06,packaging,PBD Short,1059.0,0.0,219.0,0.0,0.0,219.0,840.0,
2026-08-06,packaging,PBO Bar,3.0,0.0,0.0,0.0,0.0,0.0,3.0,
2026-08-06,packaging,PBO Long,951.0,0.0,194.0,0.0,0.0,194.0,757.0,
2026-08-06,packaging,PBO Short,1063.0,0.0,194.0,0.0,0.0,194.0,869.0,
2026-08-06,packaging,PJ Bar နောက်,1750.0,0.0,0.0,0.0,0.0,0.0,1750.0,
2026-08-06,packaging,PJ Bar ရှေ့,56.0,0.0,0.0,0.0,0.0,0.0,56.0,
2026-08-06,packaging,Peanut 50gအိတ်,1004.0,0.0,0.0,0.0,0.0,0.0,1004.0,
2026-08-06,packaging,S,560.0,997.0,68.0,8.0,0.0,60.0,1497.0,
2026-08-06,packaging,S Bar,4822.0,0.0,68.0,0.0,1.0,67.0,4754.0,
2026-08-06,packaging,S အစုံ,11.0,0.0,0.0,0.0,0.0,0.0,11.0,
2026-08-06,packaging,Sample ခဲအိတ်,100.0,0.0,0.0,0.0,0.0,0.0,100.0,
2026-08-06,packaging,Smile,532.0,3000.0,400.0,33.0,0.0,367.0,3165.0,
2026-08-06,packaging,Tape,15.0,0.0,0.0,0.0,0.0,0.0,15.0,
2026-08-06,packaging,Tissue,14.0,0.0,0.0,0.0,0.0,0.0,14.0,
2026-08-06,packaging,WMB,459.0,0.0,0.0,0.0,0.0,0.0,459.0,
2026-08-06,packaging,ခဲဇစ်,1827.0,0.0,418.0,6.0,0.0,412.0,1415.0,
2026-08-06,packaging,နယ်ကဒ်,115.0,0.0,0.0,0.0,0.0,0.0,115.0,
2026-08-06,packaging,မှိုက်ကြီး,3.0,0.0,0.0,0.0,0.0,0.0,3.0,
2026-08-06,packaging,မှိုက်သေး,3.0,0.0,0.0,0.0,0.0,0.0,3.0,
2026-08-06,packaging,လက်အိတ်,22.0,0.0,0.0,0.0,0.0,0.0,22.0,
2026-08-06,packaging,အလှအိတ်,108.0,0.0,0.0,0.0,0.0,0.0,108.0,
2026-08-07,packaging,15×25,972.0,0.0,460.0,0.0,0.0,460.0,512.0,
2026-08-07,packaging,15×25 R&D,98.0,0.0,0.0,0.0,0.0,0.0,98.0,
2026-08-07,packaging,4တင်းကျွတ်,1.0,0.0,0.0,0.0,0.0,0.0,1.0,
2026-08-07,packaging,5,3.0,0.0,0.0,0.0,0.0,0.0,3.0,
2026-08-07,packaging,5×22 R&D,100.0,0.0,0.0,0.0,0.0,0.0,100.0,
2026-08-07,packaging,6,6.0,0.0,0.0,0.0,0.0,0.0,6.0,
2026-08-07,packaging,6.5,3.0,0.0,0.0,0.0,0.0,0.0,3.0,
2026-08-07,packaging,7,4.0,0.0,0.0,0.0,0.0,0.0,4.0,
2026-08-07,packaging,750,195.0,0.0,97.0,10.0,0.0,87.0,108.0,
2026-08-07,packaging,Absober,1383.0,0.0,300.0,27.0,0.0,273.0,1110.0,
2026-08-07,packaging,Bar ခဲပိတ်,114.0,0.0,0.0,0.0,0.0,0.0,114.0,
2026-08-07,packaging,Barဇစ်,859.0,0.0,0.0,0.0,0.0,0.0,859.0,
2026-08-07,packaging,Barဖု,97.0,0.0,0.0,0.0,0.0,0.0,97.0,
2026-08-07,packaging,Br Bar,3.0,0.0,0.0,0.0,0.0,0.0,3.0,
2026-08-07,packaging,Br Sticker,55.0,0.0,0.0,0.0,0.0,0.0,55.0,
2026-08-07,packaging,C,1883.0,0.0,46.0,4.0,2.0,40.0,1841.0,
2026-08-07,packaging,C Bar,3.0,0.0,0.0,0.0,0.0,0.0,3.0,
2026-08-07,packaging,C အစုံ,15.0,0.0,0.0,0.0,0.0,0.0,15.0,
2026-08-07,packaging,Cc,1534.0,0.0,48.0,2.0,0.0,46.0,1488.0,
2026-08-07,packaging,Cc bar,13947.0,0.0,0.0,0.0,0.0,0.0,13947.0,
2026-08-07,packaging,Cp,33.0,0.0,0.0,0.0,0.0,0.0,33.0,
2026-08-07,packaging,D,1471.0,0.0,0.0,42.0,2.0,-44.0,1513.0,
2026-08-07,packaging,D Bar,2.0,0.0,0.0,0.0,0.0,0.0,2.0,
2026-08-07,packaging,EB,314.0,0.0,0.0,0.0,0.0,0.0,314.0,
2026-08-07,packaging,Gift Box,715.0,0.0,0.0,0.0,0.0,0.0,715.0,
2026-08-07,packaging,Lavash Sticker,125.0,0.0,0.0,0.0,0.0,0.0,125.0,
2026-08-07,packaging,Lavash အိတ်,66.0,0.0,0.0,0.0,0.0,0.0,66.0,
2026-08-07,packaging,Logo,34.0,0.0,0.0,0.0,0.0,0.0,34.0,
2026-08-07,packaging,NB,170.0,0.0,0.0,0.0,0.0,0.0,170.0,
2026-08-07,packaging,Nc,173.0,0.0,0.0,0.0,0.0,0.0,173.0,
2026-08-07,packaging,Nco,1480.0,0.0,86.0,0.0,0.0,86.0,1394.0,
2026-08-07,packaging,Nco bar,3.0,0.0,0.0,0.0,0.0,0.0,3.0,
2026-08-07,packaging,O,1634.0,0.0,35.0,2.0,1.0,32.0,1601.0,
2026-08-07,packaging,O Bar,2.0,0.0,0.0,0.0,0.0,0.0,2.0,
2026-08-07,packaging,O အစုံ,18.0,0.0,0.0,0.0,0.0,0.0,18.0,
2026-08-07,packaging,PB ခဲအိတ်,300.0,0.0,0.0,0.0,0.0,0.0,300.0,
2026-08-07,packaging,PB180Bar,3.0,0.0,0.0,0.0,0.0,0.0,3.0,
2026-08-07,packaging,PB180Sticker,82.0,0.0,42.0,0.0,2.0,40.0,40.0,
2026-08-07,packaging,PB180ခဲပြား,281.0,0.0,40.0,0.0,0.0,40.0,241.0,
2026-08-07,packaging,PB180ဖုံး,189.0,0.0,40.0,0.0,0.0,40.0,149.0,
2026-08-07,packaging,PB180ဘူး,114.0,0.0,40.0,0.0,0.0,40.0,74.0,
2026-08-07,packaging,PB400Bar,3.0,0.0,0.0,0.0,0.0,0.0,3.0,
2026-08-07,packaging,PB400sticker,29.0,0.0,0.0,0.0,0.0,0.0,29.0,
2026-08-07,packaging,PB400ခဲပြား,153.0,0.0,0.0,0.0,0.0,0.0,153.0,
2026-08-07,packaging,PB400ဖုံး,64.0,0.0,0.0,0.0,0.0,0.0,64.0,
2026-08-07,packaging,PB400ဘူး,52.0,0.0,0.0,0.0,0.0,0.0,52.0,
2026-08-07,packaging,PBD Bar,3.0,0.0,0.0,0.0,0.0,0.0,3.0,
2026-08-07,packaging,PBD Long,784.0,0.0,200.0,5.0,2.0,193.0,589.0,
2026-08-07,packaging,PBD Short,840.0,0.0,200.0,7.0,0.0,193.0,647.0,
2026-08-07,packaging,PBO Bar,3.0,0.0,0.0,0.0,0.0,0.0,3.0,
2026-08-07,packaging,PBO Long,757.0,0.0,230.0,0.0,6.0,224.0,527.0,
2026-08-07,packaging,PBO Short,869.0,0.0,230.0,0.0,6.0,224.0,639.0,
2026-08-07,packaging,PJ Bar နောက်,1750.0,0.0,0.0,0.0,0.0,0.0,1750.0,
2026-08-07,packaging,PJ Bar ရှေ့,56.0,0.0,0.0,0.0,0.0,0.0,56.0,
2026-08-07,packaging,Peanut 50gအိတ်,1004.0,0.0,0.0,0.0,0.0,0.0,1004.0,
2026-08-07,packaging,S,1497.0,0.0,69.0,0.0,0.0,69.0,1428.0,
2026-08-07,packaging,S Bar,4754.0,0.0,70.0,4.0,1.0,65.0,4688.0,
2026-08-07,packaging,S အစုံ,11.0,0.0,0.0,0.0,0.0,0.0,11.0,
2026-08-07,packaging,Sample ခဲအိတ်,100.0,0.0,0.0,0.0,0.0,0.0,100.0,
2026-08-07,packaging,Smile,3165.0,0.0,700.0,0.0,0.0,700.0,2465.0,
2026-08-07,packaging,Tape,15.0,0.0,0.0,0.0,0.0,0.0,15.0,
2026-08-07,packaging,Tissue,14.0,0.0,0.0,0.0,0.0,0.0,14.0,
2026-08-07,packaging,WMB,459.0,0.0,0.0,0.0,0.0,0.0,459.0,
2026-08-07,packaging,ခဲဇစ်,1415.0,0.0,430.0,12.0,3.0,415.0,997.0,
2026-08-07,packaging,နယ်ကဒ်,115.0,0.0,0.0,0.0,0.0,0.0,115.0,
2026-08-07,packaging,မှိုက်ကြီး,3.0,0.0,0.0,0.0,0.0,0.0,3.0,
2026-08-07,packaging,မှိုက်သေး,3.0,0.0,0.0,0.0,0.0,0.0,3.0,
2026-08-07,packaging,လက်အိတ်,22.0,0.0,0.0,0.0,0.0,0.0,22.0,
2026-08-07,packaging,အလှအိတ်,108.0,0.0,0.0,0.0,0.0,0.0,108.0,
2026-08-08,packaging,15×25,512.0,1500.0,500.0,22.0,2.0,476.0,1534.0,
2026-08-08,packaging,15×25 R&D,98.0,0.0,0.0,0.0,0.0,0.0,98.0,
2026-08-08,packaging,4တင်းကျွတ်,1.0,0.0,0.0,0.0,0.0,0.0,1.0,
2026-08-08,packaging,5,3.0,0.0,0.0,0.0,0.0,0.0,3.0,
2026-08-08,packaging,5×22 R&D,100.0,0.0,0.0,0.0,0.0,0.0,100.0,
2026-08-08,packaging,6,6.0,0.0,0.0,0.0,0.0,0.0,6.0,
2026-08-08,packaging,6.5,3.0,0.0,2.0,0.0,0.0,2.0,1.0,
2026-08-08,packaging,7,4.0,0.0,0.0,0.0,0.0,0.0,4.0,
2026-08-08,packaging,750,108.0,0.0,0.0,0.0,0.0,0.0,108.0,
2026-08-08,packaging,Absober,1110.0,0.0,300.0,45.0,0.0,255.0,855.0,
2026-08-08,packaging,Bar ခဲပိတ်,114.0,0.0,0.0,0.0,0.0,0.0,114.0,
2026-08-08,packaging,Barဇစ်,859.0,0.0,0.0,0.0,0.0,0.0,859.0,
2026-08-08,packaging,Barဖု,97.0,0.0,0.0,0.0,0.0,0.0,97.0,
2026-08-08,packaging,Br Bar,3.0,0.0,0.0,0.0,0.0,0.0,3.0,
2026-08-08,packaging,Br Sticker,55.0,0.0,0.0,0.0,0.0,0.0,55.0,
2026-08-08,packaging,C,1841.0,0.0,51.0,1.0,0.0,50.0,1791.0,
2026-08-08,packaging,C Bar,3.0,0.0,0.0,0.0,0.0,0.0,3.0,
2026-08-08,packaging,C အစုံ,15.0,0.0,0.0,0.0,0.0,0.0,15.0,
2026-08-08,packaging,Cc,1488.0,0.0,43.0,2.0,1.0,40.0,1447.0,
2026-08-08,packaging,Cc bar,13947.0,0.0,0.0,0.0,0.0,0.0,13947.0,
2026-08-08,packaging,Cp,33.0,0.0,0.0,0.0,0.0,0.0,33.0,
2026-08-08,packaging,D,1469.0,0.0,50.0,0.0,0.0,50.0,1419.0,
2026-08-08,packaging,D Bar,2.0,0.0,0.0,0.0,0.0,0.0,2.0,
2026-08-08,packaging,EB,314.0,0.0,0.0,0.0,0.0,0.0,314.0,
2026-08-08,packaging,Gift Box,715.0,0.0,0.0,0.0,0.0,0.0,715.0,
2026-08-08,packaging,Lavash Sticker,125.0,0.0,0.0,0.0,0.0,0.0,125.0,
2026-08-08,packaging,Lavash အိတ်,66.0,0.0,0.0,0.0,0.0,0.0,66.0,
2026-08-08,packaging,Logo,34.0,0.0,0.0,0.0,0.0,0.0,34.0,
2026-08-08,packaging,NB,170.0,0.0,0.0,0.0,0.0,0.0,170.0,
2026-08-08,packaging,Nc,173.0,0.0,0.0,0.0,0.0,0.0,173.0,
2026-08-08,packaging,Nco,1394.0,0.0,0.0,0.0,0.0,0.0,1394.0,
2026-08-08,packaging,Nco bar,3.0,0.0,0.0,0.0,0.0,0.0,3.0,
2026-08-08,packaging,O,1601.0,0.0,55.0,2.0,0.0,53.0,1548.0,
2026-08-08,packaging,O Bar,2.0,0.0,0.0,0.0,0.0,0.0,2.0,
2026-08-08,packaging,O အစုံ,18.0,0.0,0.0,0.0,0.0,0.0,18.0,
2026-08-08,packaging,PB ခဲအိတ်,300.0,0.0,0.0,0.0,0.0,0.0,300.0,
2026-08-08,packaging,PB180Bar,3.0,0.0,0.0,0.0,0.0,0.0,3.0,
2026-08-08,packaging,PB180Sticker,40.0,0.0,0.0,0.0,0.0,0.0,40.0,
2026-08-08,packaging,PB180ခဲပြား,241.0,0.0,100.0,0.0,0.0,100.0,141.0,
2026-08-08,packaging,PB180ဖုံး,149.0,0.0,0.0,0.0,0.0,0.0,149.0,
2026-08-08,packaging,PB180ဘူး,74.0,0.0,40.0,0.0,0.0,40.0,34.0,
2026-08-08,packaging,PB400Bar,3.0,0.0,0.0,0.0,0.0,0.0,3.0,
2026-08-08,packaging,PB400sticker,29.0,0.0,0.0,0.0,0.0,0.0,29.0,
2026-08-08,packaging,PB400ခဲပြား,153.0,0.0,0.0,0.0,0.0,0.0,153.0,
2026-08-08,packaging,PB400ဖုံး,64.0,0.0,0.0,0.0,0.0,0.0,64.0,
2026-08-08,packaging,PB400ဘူး,52.0,0.0,0.0,0.0,0.0,0.0,52.0,
2026-08-08,packaging,PBD Bar,3.0,0.0,0.0,0.0,0.0,0.0,3.0,
2026-08-08,packaging,PBD Long,589.0,0.0,206.0,15.0,2.0,189.0,398.0,
2026-08-08,packaging,PBD Short,647.0,0.0,206.0,16.0,1.0,189.0,457.0,
2026-08-08,packaging,PBO Bar,3.0,0.0,0.0,0.0,0.0,0.0,3.0,
2026-08-08,packaging,PBO Long,527.0,0.0,312.0,25.0,0.0,287.0,240.0,
2026-08-08,packaging,PBO Short,639.0,0.0,307.0,17.0,3.0,287.0,349.0,
2026-08-08,packaging,PJ Bar နောက်,1750.0,0.0,0.0,0.0,0.0,0.0,1750.0,
2026-08-08,packaging,PJ Bar ရှေ့,56.0,0.0,0.0,0.0,0.0,0.0,56.0,
2026-08-08,packaging,Peanut 50gအိတ်,1004.0,0.0,0.0,0.0,0.0,0.0,1004.0,
2026-08-08,packaging,S,1428.0,0.0,52.0,2.0,0.0,50.0,1378.0,
2026-08-08,packaging,S Bar,4688.0,0.0,52.0,0.0,0.0,52.0,4636.0,
2026-08-08,packaging,S အစုံ,11.0,0.0,0.0,0.0,0.0,0.0,11.0,
2026-08-08,packaging,Sample ခဲအိတ်,100.0,0.0,0.0,0.0,0.0,0.0,100.0,
2026-08-08,packaging,Smile,2465.0,0.0,800.0,65.0,2.0,733.0,1730.0,4ခုမုန့်ပိုထည့်
2026-08-08,packaging,Tape,15.0,0.0,7.0,0.0,0.0,7.0,8.0,
2026-08-08,packaging,Tissue,14.0,0.0,4.0,0.0,0.0,4.0,10.0,
2026-08-08,packaging,WMB,459.0,0.0,0.0,0.0,0.0,0.0,459.0,
2026-08-08,packaging,ခဲဇစ်,997.0,0.0,513.0,35.0,2.0,476.0,519.0,
2026-08-08,packaging,နယ်ကဒ်,115.0,0.0,0.0,0.0,0.0,0.0,115.0,
2026-08-08,packaging,မှိုက်ကြီး,3.0,0.0,0.0,0.0,0.0,0.0,3.0,
2026-08-08,packaging,မှိုက်သေး,3.0,0.0,0.0,0.0,0.0,0.0,3.0,
2026-08-08,packaging,လက်အိတ်,22.0,0.0,1.0,0.0,0.0,1.0,21.0,
2026-08-08,packaging,အလှအိတ်,108.0,0.0,0.0,0.0,0.0,0.0,108.0,
2026-08-09,packaging,15×25,1534.0,0.0,0.0,0.0,0.0,0.0,1534.0,
2026-08-09,packaging,15×25 R&D,98.0,0.0,0.0,0.0,0.0,0.0,98.0,
2026-08-09,packaging,4တင်းကျွတ်,1.0,0.0,0.0,0.0,0.0,0.0,1.0,
2026-08-09,packaging,5,3.0,0.0,0.0,0.0,0.0,0.0,3.0,
2026-08-09,packaging,5×22 R&D,100.0,0.0,0.0,0.0,0.0,0.0,100.0,
2026-08-09,packaging,6,6.0,0.0,0.0,0.0,0.0,0.0,6.0,
2026-08-09,packaging,6.5,1.0,0.0,0.0,0.0,0.0,0.0,1.0,
2026-08-09,packaging,7,4.0,0.0,0.0,0.0,0.0,0.0,4.0,
2026-08-09,packaging,750,108.0,0.0,0.0,0.0,0.0,0.0,108.0,
2026-08-09,packaging,Absober,855.0,0.0,0.0,0.0,0.0,0.0,855.0,
2026-08-09,packaging,Bar ခဲပိတ်,114.0,0.0,0.0,0.0,0.0,0.0,114.0,
2026-08-09,packaging,Barဇစ်,859.0,0.0,0.0,0.0,0.0,0.0,859.0,
2026-08-09,packaging,Barဖု,97.0,0.0,0.0,0.0,0.0,0.0,97.0,
2026-08-09,packaging,Br Bar,3.0,0.0,0.0,0.0,0.0,0.0,3.0,
2026-08-09,packaging,Br Sticker,55.0,0.0,0.0,0.0,0.0,0.0,55.0,
2026-08-09,packaging,C,1791.0,0.0,0.0,0.0,0.0,0.0,1791.0,
2026-08-09,packaging,C Bar,3.0,0.0,0.0,0.0,0.0,0.0,3.0,
2026-08-09,packaging,C အစုံ,15.0,0.0,0.0,0.0,0.0,0.0,15.0,
2026-08-09,packaging,Cc,1447.0,0.0,0.0,0.0,0.0,0.0,1447.0,
2026-08-09,packaging,Cc bar,13947.0,0.0,0.0,0.0,0.0,0.0,13947.0,
2026-08-09,packaging,Cp,33.0,0.0,0.0,0.0,0.0,0.0,33.0,
2026-08-09,packaging,D,1419.0,0.0,0.0,0.0,0.0,0.0,1419.0,
2026-08-09,packaging,D Bar,2.0,0.0,0.0,0.0,0.0,0.0,2.0,
2026-08-09,packaging,EB,314.0,0.0,0.0,0.0,0.0,0.0,314.0,
2026-08-09,packaging,Gift Box,715.0,0.0,0.0,0.0,0.0,0.0,715.0,
2026-08-09,packaging,Lavash Sticker,125.0,0.0,0.0,0.0,0.0,0.0,125.0,
2026-08-09,packaging,Lavash အိတ်,66.0,0.0,0.0,0.0,0.0,0.0,66.0,
2026-08-09,packaging,Logo,34.0,0.0,0.0,0.0,0.0,0.0,34.0,
2026-08-09,packaging,NB,170.0,0.0,0.0,0.0,0.0,0.0,170.0,
2026-08-09,packaging,Nc,173.0,0.0,0.0,0.0,0.0,0.0,173.0,
2026-08-09,packaging,Nco,1394.0,0.0,0.0,0.0,0.0,0.0,1394.0,
2026-08-09,packaging,Nco bar,3.0,0.0,0.0,0.0,0.0,0.0,3.0,
2026-08-09,packaging,O,1548.0,0.0,0.0,0.0,0.0,0.0,1548.0,
2026-08-09,packaging,O Bar,2.0,0.0,0.0,0.0,0.0,0.0,2.0,
2026-08-09,packaging,O အစုံ,18.0,0.0,0.0,0.0,0.0,0.0,18.0,
2026-08-09,packaging,PB ခဲအိတ်,300.0,0.0,0.0,0.0,0.0,0.0,300.0,
2026-08-09,packaging,PB180Bar,3.0,0.0,0.0,0.0,0.0,0.0,3.0,
2026-08-09,packaging,PB180Sticker,40.0,0.0,0.0,0.0,0.0,0.0,40.0,
2026-08-09,packaging,PB180ခဲပြား,141.0,0.0,0.0,0.0,0.0,0.0,141.0,
2026-08-09,packaging,PB180ဖုံး,149.0,0.0,0.0,0.0,0.0,0.0,149.0,
2026-08-09,packaging,PB180ဘူး,34.0,0.0,0.0,0.0,0.0,0.0,34.0,
2026-08-09,packaging,PB400Bar,3.0,0.0,0.0,0.0,0.0,0.0,3.0,
2026-08-09,packaging,PB400sticker,29.0,0.0,0.0,0.0,0.0,0.0,29.0,
2026-08-09,packaging,PB400ခဲပြား,153.0,0.0,0.0,0.0,0.0,0.0,153.0,
2026-08-09,packaging,PB400ဖုံး,64.0,0.0,0.0,0.0,0.0,0.0,64.0,
2026-08-09,packaging,PB400ဘူး,52.0,0.0,0.0,0.0,0.0,0.0,52.0,
2026-08-09,packaging,PBD Bar,3.0,0.0,0.0,0.0,0.0,0.0,3.0,
2026-08-09,packaging,PBD Long,398.0,0.0,0.0,0.0,0.0,0.0,398.0,
2026-08-09,packaging,PBD Short,457.0,0.0,0.0,0.0,0.0,0.0,457.0,
2026-08-09,packaging,PBO Bar,3.0,0.0,0.0,0.0,0.0,0.0,3.0,
2026-08-09,packaging,PBO Long,240.0,0.0,0.0,0.0,0.0,0.0,240.0,
2026-08-09,packaging,PBO Short,349.0,0.0,0.0,0.0,0.0,0.0,349.0,
2026-08-09,packaging,PJ Bar နောက်,1750.0,0.0,0.0,0.0,0.0,0.0,1750.0,
2026-08-09,packaging,PJ Bar ရှေ့,56.0,0.0,0.0,0.0,0.0,0.0,56.0,
2026-08-09,packaging,Peanut 50gအိတ်,1004.0,0.0,0.0,0.0,0.0,0.0,1004.0,
2026-08-09,packaging,S,1378.0,0.0,0.0,0.0,0.0,0.0,1378.0,
2026-08-09,packaging,S Bar,4636.0,0.0,0.0,0.0,0.0,0.0,4636.0,
2026-08-09,packaging,S အစုံ,11.0,0.0,0.0,0.0,0.0,0.0,11.0,
2026-08-09,packaging,Sample ခဲအိတ်,100.0,0.0,0.0,0.0,0.0,0.0,100.0,
2026-08-09,packaging,Smile,1730.0,0.0,0.0,0.0,0.0,0.0,1730.0,
2026-08-09,packaging,Tape,8.0,0.0,0.0,0.0,0.0,0.0,8.0,
2026-08-09,packaging,Tissue,10.0,0.0,0.0,0.0,0.0,0.0,10.0,
2026-08-09,packaging,WMB,459.0,0.0,0.0,0.0,0.0,0.0,459.0,
2026-08-09,packaging,ခဲဇစ်,519.0,0.0,0.0,0.0,0.0,0.0,519.0,
2026-08-09,packaging,နယ်ကဒ်,115.0,0.0,0.0,0.0,0.0,0.0,115.0,
2026-08-09,packaging,မှိုက်ကြီး,3.0,0.0,0.0,0.0,0.0,0.0,3.0,
2026-08-09,packaging,မှိုက်သေး,3.0,0.0,0.0,0.0,0.0,0.0,3.0,
2026-08-09,packaging,လက်အိတ်,21.0,0.0,0.0,0.0,0.0,0.0,21.0,
2026-08-09,packaging,အလှအိတ်,108.0,0.0,0.0,0.0,0.0,0.0,108.0,
2026-08-10,packaging,15×25,1534.0,0.0,0.0,0.0,0.0,0.0,1534.0,
2026-08-10,packaging,15×25 R&D,98.0,0.0,0.0,0.0,0.0,0.0,98.0,
2026-08-10,packaging,4တင်းကျွတ်,1.0,3.0,1.0,0.0,0.0,1.0,3.0,
2026-08-10,packaging,5,3.0,0.0,0.0,0.0,0.0,0.0,3.0,
2026-08-10,packaging,5×22 R&D,100.0,0.0,0.0,0.0,0.0,0.0,100.0,
2026-08-10,packaging,6,6.0,0.0,1.0,0.0,0.0,1.0,5.0,
2026-08-10,packaging,6.5,1.0,0.0,0.0,0.0,0.0,0.0,1.0,
2026-08-10,packaging,7,4.0,0.0,0.0,0.0,0.0,0.0,4.0,
2026-08-10,packaging,750,108.0,0.0,50.0,7.0,0.0,43.0,65.0,
2026-08-10,packaging,Absober,855.0,0.0,295.0,0.0,0.0,295.0,560.0,
2026-08-10,packaging,Bar ခဲပိတ်,114.0,0.0,0.0,0.0,0.0,0.0,114.0,
2026-08-10,packaging,Barဇစ်,859.0,0.0,0.0,0.0,0.0,0.0,859.0,
2026-08-10,packaging,Barဖု,97.0,0.0,0.0,0.0,0.0,0.0,97.0,
2026-08-10,packaging,Br Bar,3.0,0.0,0.0,0.0,0.0,0.0,3.0,
2026-08-10,packaging,Br Sticker,55.0,0.0,0.0,0.0,0.0,0.0,55.0,
2026-08-10,packaging,C,1791.0,0.0,40.0,0.0,0.0,40.0,1751.0,
2026-08-10,packaging,C Bar,3.0,0.0,0.0,0.0,0.0,0.0,3.0,
2026-08-10,packaging,C အစုံ,15.0,0.0,1.0,0.0,0.0,1.0,14.0,
2026-08-10,packaging,Cc,1447.0,0.0,80.0,0.0,0.0,80.0,1367.0,
2026-08-10,packaging,Cc bar,13947.0,0.0,90.0,0.0,0.0,90.0,13857.0,
2026-08-10,packaging,Cp,33.0,0.0,0.0,0.0,0.0,0.0,33.0,
2026-08-10,packaging,D,1419.0,0.0,41.0,0.0,1.0,40.0,1378.0,
2026-08-10,packaging,D Bar,2.0,0.0,0.0,0.0,0.0,0.0,2.0,
2026-08-10,packaging,EB,314.0,0.0,0.0,0.0,0.0,0.0,314.0,
2026-08-10,packaging,Gift Box,715.0,0.0,0.0,0.0,0.0,0.0,715.0,
2026-08-10,packaging,Lavash Sticker,125.0,0.0,0.0,0.0,0.0,0.0,125.0,
2026-08-10,packaging,Lavash အိတ်,66.0,0.0,0.0,0.0,0.0,0.0,66.0,
2026-08-10,packaging,Logo,34.0,0.0,12.0,0.0,0.0,12.0,22.0,
2026-08-10,packaging,NB,170.0,0.0,3.0,0.0,0.0,3.0,167.0,
2026-08-10,packaging,Nc,173.0,0.0,1.0,0.0,0.0,1.0,172.0,
2026-08-10,packaging,Nco,1394.0,0.0,50.0,8.0,0.0,42.0,1352.0,
2026-08-10,packaging,Nco bar,3.0,0.0,0.0,0.0,0.0,0.0,3.0,
2026-08-10,packaging,O,1548.0,0.0,44.0,0.0,1.0,43.0,1504.0,
2026-08-10,packaging,O Bar,2.0,0.0,0.0,0.0,0.0,0.0,2.0,
2026-08-10,packaging,O အစုံ,18.0,0.0,1.0,0.0,0.0,1.0,17.0,
2026-08-10,packaging,PB ခဲအိတ်,300.0,0.0,0.0,0.0,0.0,0.0,300.0,
2026-08-10,packaging,PB180Bar,3.0,0.0,0.0,0.0,0.0,0.0,3.0,
2026-08-10,packaging,PB180Sticker,40.0,0.0,2.0,0.0,0.0,2.0,38.0,
2026-08-10,packaging,PB180ခဲပြား,141.0,0.0,0.0,0.0,0.0,0.0,141.0,
2026-08-10,packaging,PB180ဖုံး,149.0,0.0,0.0,0.0,0.0,0.0,149.0,
2026-08-10,packaging,PB180ဘူး,34.0,0.0,0.0,0.0,0.0,0.0,34.0,
2026-08-10,packaging,PB400Bar,3.0,0.0,0.0,0.0,0.0,0.0,3.0,
2026-08-10,packaging,PB400sticker,29.0,0.0,0.0,0.0,0.0,0.0,29.0,
2026-08-10,packaging,PB400ခဲပြား,153.0,0.0,0.0,0.0,0.0,0.0,153.0,
2026-08-10,packaging,PB400ဖုံး,64.0,0.0,0.0,0.0,0.0,0.0,64.0,
2026-08-10,packaging,PB400ဘူး,52.0,0.0,0.0,0.0,0.0,0.0,52.0,
2026-08-10,packaging,PBD Bar,3.0,0.0,0.0,0.0,0.0,0.0,3.0,
2026-08-10,packaging,PBD Long,398.0,993.0,0.0,0.0,0.0,0.0,1391.0,
2026-08-10,packaging,PBD Short,457.0,1001.0,0.0,0.0,0.0,0.0,1458.0,
2026-08-10,packaging,PBO Bar,3.0,0.0,0.0,0.0,0.0,0.0,3.0,
2026-08-10,packaging,PBO Long,240.0,1008.0,0.0,0.0,0.0,0.0,1248.0,
2026-08-10,packaging,PBO Short,349.0,1002.0,0.0,0.0,0.0,0.0,1351.0,
2026-08-10,packaging,PJ Bar နောက်,1750.0,0.0,0.0,0.0,0.0,0.0,1750.0,
2026-08-10,packaging,PJ Bar ရှေ့,56.0,0.0,0.0,0.0,0.0,0.0,56.0,
2026-08-10,packaging,Peanut 50gအိတ်,1004.0,0.0,0.0,0.0,0.0,0.0,1004.0,
2026-08-10,packaging,S,1378.0,0.0,50.0,0.0,0.0,50.0,1328.0,
2026-08-10,packaging,S Bar,4636.0,0.0,42.0,0.0,0.0,42.0,4594.0,
2026-08-10,packaging,S အစုံ,11.0,0.0,0.0,0.0,0.0,0.0,11.0,
2026-08-10,packaging,Sample ခဲအိတ်,100.0,0.0,0.0,0.0,0.0,0.0,100.0,
2026-08-10,packaging,Smile,1730.0,0.0,1000.0,235.0,2.0,763.0,965.0,4ခုမုန်ု့ပို
2026-08-10,packaging,Tape,8.0,0.0,0.0,0.0,0.0,0.0,8.0,
2026-08-10,packaging,Tissue,10.0,10.0,4.0,0.0,0.0,4.0,16.0,
2026-08-10,packaging,WMB,459.0,0.0,2.0,0.0,0.0,2.0,457.0,
2026-08-10,packaging,ခဲဇစ်,519.0,2000.0,0.0,0.0,0.0,0.0,2519.0,
2026-08-10,packaging,နယ်ကဒ်,115.0,0.0,6.0,0.0,0.0,6.0,109.0,
2026-08-10,packaging,မှိုက်ကြီး,3.0,0.0,0.0,0.0,0.0,0.0,3.0,
2026-08-10,packaging,မှိုက်သေး,3.0,0.0,0.0,0.0,0.0,0.0,3.0,
2026-08-10,packaging,လက်အိတ်,21.0,0.0,3.0,0.0,0.0,3.0,18.0,
2026-08-10,packaging,အလှအိတ်,108.0,0.0,12.0,0.0,0.0,12.0,96.0,
2026-08-11,packaging,15×25,1534.0,0.0,604.0,0.0,2.0,602.0,930.0,2ခုမုန့်ပို
2026-08-11,packaging,15×25 R&D,98.0,0.0,0.0,0.0,0.0,0.0,98.0,
2026-08-11,packaging,4တင်းကျွတ်,3.0,0.0,2.0,0.0,0.0,2.0,1.0,
2026-08-11,packaging,5,3.0,0.0,0.0,0.0,0.0,0.0,3.0,
2026-08-11,packaging,5×22 R&D,100.0,0.0,0.0,0.0,0.0,0.0,100.0,
2026-08-11,packaging,6,5.0,0.0,5.0,0.0,0.0,5.0,0.0,
2026-08-11,packaging,6.5,1.0,0.0,0.0,0.0,0.0,0.0,1.0,
2026-08-11,packaging,7,4.0,0.0,0.0,0.0,0.0,0.0,4.0,
2026-08-11,packaging,750,65.0,0.0,45.0,1.0,0.0,44.0,21.0,
2026-08-11,packaging,Absober,560.0,0.0,144.0,0.0,0.0,144.0,416.0,
2026-08-11,packaging,Bar ခဲပိတ်,114.0,0.0,0.0,0.0,0.0,0.0,114.0,
2026-08-11,packaging,Barဇစ်,859.0,0.0,24.0,0.0,0.0,24.0,835.0,
2026-08-11,packaging,Barဖု,97.0,0.0,3.0,0.0,0.0,3.0,94.0,
2026-08-11,packaging,Br Bar,3.0,0.0,0.0,0.0,0.0,0.0,3.0,
2026-08-11,packaging,Br Sticker,55.0,0.0,0.0,0.0,0.0,0.0,55.0,
2026-08-11,packaging,C,1751.0,0.0,1.0,0.0,0.0,1.0,1750.0,
2026-08-11,packaging,C Bar,3.0,0.0,0.0,0.0,0.0,0.0,3.0,
2026-08-11,packaging,C အစုံ,14.0,0.0,1.0,0.0,0.0,1.0,13.0,
2026-08-11,packaging,Cc,1367.0,0.0,44.0,0.0,2.0,42.0,1323.0,
2026-08-11,packaging,Cc bar,13857.0,0.0,0.0,0.0,0.0,0.0,13857.0,
2026-08-11,packaging,Cp,33.0,0.0,0.0,0.0,0.0,0.0,33.0,
2026-08-11,packaging,D,1378.0,0.0,45.0,0.0,5.0,40.0,1333.0,
2026-08-11,packaging,D Bar,2.0,0.0,0.0,0.0,0.0,0.0,2.0,
2026-08-11,packaging,EB,314.0,0.0,8.0,5.0,0.0,3.0,311.0,
2026-08-11,packaging,Gift Box,715.0,0.0,0.0,0.0,0.0,0.0,715.0,
2026-08-11,packaging,Lavash Sticker,125.0,0.0,0.0,0.0,0.0,0.0,125.0,
2026-08-11,packaging,Lavash အိတ်,66.0,0.0,0.0,0.0,0.0,0.0,66.0,
2026-08-11,packaging,Logo,22.0,0.0,0.0,0.0,0.0,0.0,22.0,
2026-08-11,packaging,NB,167.0,0.0,0.0,0.0,0.0,0.0,167.0,
2026-08-11,packaging,Nc,172.0,0.0,0.0,0.0,0.0,0.0,172.0,
2026-08-11,packaging,Nco,1352.0,0.0,50.0,6.0,0.0,44.0,1308.0,
2026-08-11,packaging,Nco bar,3.0,0.0,0.0,0.0,0.0,0.0,3.0,
2026-08-11,packaging,O,1504.0,0.0,34.0,2.0,0.0,32.0,1472.0,
2026-08-11,packaging,O Bar,2.0,0.0,0.0,0.0,0.0,0.0,2.0,
2026-08-11,packaging,O အစုံ,17.0,0.0,1.0,0.0,0.0,1.0,16.0,
2026-08-11,packaging,PB ခဲအိတ်,300.0,0.0,0.0,0.0,0.0,0.0,300.0,
2026-08-11,packaging,PB180Bar,3.0,0.0,0.0,0.0,0.0,0.0,3.0,
2026-08-11,packaging,PB180Sticker,38.0,0.0,0.0,0.0,0.0,0.0,38.0,
2026-08-11,packaging,PB180ခဲပြား,141.0,0.0,0.0,0.0,0.0,0.0,141.0,
2026-08-11,packaging,PB180ဖုံး,149.0,0.0,0.0,0.0,0.0,0.0,149.0,
2026-08-11,packaging,PB180ဘူး,34.0,0.0,0.0,0.0,0.0,0.0,34.0,
2026-08-11,packaging,PB400Bar,3.0,0.0,0.0,0.0,0.0,0.0,3.0,
2026-08-11,packaging,PB400sticker,29.0,0.0,0.0,0.0,0.0,0.0,29.0,
2026-08-11,packaging,PB400ခဲပြား,153.0,0.0,0.0,0.0,0.0,0.0,153.0,
2026-08-11,packaging,PB400ဖုံး,64.0,0.0,0.0,0.0,0.0,0.0,64.0,
2026-08-11,packaging,PB400ဘူး,52.0,0.0,0.0,0.0,0.0,0.0,52.0,
2026-08-11,packaging,PBD Bar,3.0,0.0,0.0,0.0,0.0,0.0,3.0,
2026-08-11,packaging,PBD Long,1391.0,0.0,302.0,20.0,0.0,282.0,1109.0,
2026-08-11,packaging,PBD Short,1458.0,0.0,302.0,20.0,2.0,280.0,1176.0,
2026-08-11,packaging,PBO Bar,3.0,0.0,0.0,0.0,0.0,0.0,3.0,
2026-08-11,packaging,PBO Long,1248.0,0.0,322.0,0.0,1.0,321.0,926.0,
2026-08-11,packaging,PBO Short,1351.0,0.0,322.0,0.0,1.0,321.0,1029.0,
2026-08-11,packaging,PJ Bar နောက်,1750.0,0.0,0.0,0.0,0.0,0.0,1750.0,
2026-08-11,packaging,PJ Bar ရှေ့,56.0,0.0,0.0,0.0,0.0,0.0,56.0,
2026-08-11,packaging,Peanut 50gအိတ်,1004.0,0.0,0.0,0.0,0.0,0.0,1004.0,
2026-08-11,packaging,S,1328.0,0.0,33.0,2.0,0.0,31.0,1297.0,
2026-08-11,packaging,S Bar,4594.0,0.0,0.0,0.0,0.0,0.0,4594.0,
2026-08-11,packaging,S အစုံ,11.0,0.0,0.0,0.0,0.0,0.0,11.0,
2026-08-11,packaging,Sample ခဲအိတ်,100.0,0.0,0.0,0.0,0.0,0.0,100.0,
2026-08-11,packaging,Smile,965.0,2500.0,500.0,61.0,2.0,437.0,3026.0,၅ခုမုန့်ထည့်
2026-08-11,packaging,Tape,8.0,0.0,0.0,0.0,0.0,0.0,8.0,
2026-08-11,packaging,Tissue,16.0,0.0,0.0,0.0,0.0,0.0,16.0,
2026-08-11,packaging,WMB,457.0,0.0,0.0,0.0,0.0,0.0,457.0,
2026-08-11,packaging,ခဲဇစ်,2519.0,0.0,600.0,0.0,1.0,599.0,1919.0,
2026-08-11,packaging,နယ်ကဒ်,109.0,0.0,0.0,0.0,0.0,0.0,109.0,
2026-08-11,packaging,မှိုက်ကြီး,3.0,0.0,0.0,0.0,0.0,0.0,3.0,
2026-08-11,packaging,မှိုက်သေး,3.0,0.0,0.0,0.0,0.0,0.0,3.0,
2026-08-11,packaging,လက်အိတ်,18.0,0.0,0.0,0.0,0.0,0.0,18.0,
2026-08-11,packaging,အလှအိတ်,96.0,0.0,0.0,0.0,0.0,0.0,96.0,
2026-08-12,packaging,15×25,930.0,0.0,600.0,251.0,0.0,349.0,581.0,
2026-08-12,packaging,15×25 R&D,98.0,0.0,0.0,0.0,0.0,0.0,98.0,
2026-08-12,packaging,4တင်းကျွတ်,1.0,3.0,0.0,0.0,0.0,0.0,4.0,
2026-08-12,packaging,5,3.0,0.0,0.0,0.0,0.0,0.0,3.0,
2026-08-12,packaging,5×22 R&D,100.0,0.0,0.0,0.0,0.0,0.0,100.0,
2026-08-12,packaging,6,0.0,5.0,5.0,0.0,0.0,5.0,0.0,
2026-08-12,packaging,6.5,1.0,1.0,0.0,0.0,0.0,0.0,2.0,
2026-08-12,packaging,7,4.0,0.0,0.0,0.0,0.0,0.0,4.0,
2026-08-12,packaging,750,21.0,300.0,50.0,6.0,3.0,41.0,277.0,
2026-08-12,packaging,Absober,416.0,0.0,290.0,71.0,2.0,217.0,197.0,
2026-08-12,packaging,Bar ခဲပိတ်,114.0,0.0,0.0,0.0,0.0,0.0,114.0,
2026-08-12,packaging,Barဇစ်,835.0,0.0,0.0,0.0,0.0,0.0,835.0,
2026-08-12,packaging,Barဖု,94.0,0.0,0.0,0.0,0.0,0.0,94.0,
2026-08-12,packaging,Br Bar,3.0,0.0,0.0,0.0,0.0,0.0,3.0,
2026-08-12,packaging,Br Sticker,55.0,0.0,0.0,0.0,0.0,0.0,55.0,
2026-08-12,packaging,C,1750.0,0.0,3.0,0.0,0.0,3.0,1747.0,
2026-08-12,packaging,C Bar,3.0,0.0,0.0,0.0,0.0,0.0,3.0,
2026-08-12,packaging,C အစုံ,13.0,0.0,0.0,0.0,0.0,0.0,13.0,
2026-08-12,packaging,Cc,1323.0,0.0,44.0,2.0,1.0,41.0,1281.0,
2026-08-12,packaging,Cc bar,13857.0,0.0,45.0,0.0,0.0,45.0,13812.0,
2026-08-12,packaging,Cp,33.0,0.0,0.0,0.0,0.0,0.0,33.0,
2026-08-12,packaging,D,1333.0,0.0,30.0,0.0,0.0,30.0,1303.0,
2026-08-12,packaging,D Bar,2.0,0.0,0.0,0.0,0.0,0.0,2.0,
2026-08-12,packaging,EB,311.0,0.0,0.0,0.0,0.0,0.0,311.0,
2026-08-12,packaging,Gift Box,715.0,0.0,0.0,0.0,0.0,0.0,715.0,
2026-08-12,packaging,Lavash Sticker,125.0,0.0,0.0,0.0,0.0,0.0,125.0,
2026-08-12,packaging,Lavash အိတ်,66.0,0.0,0.0,0.0,0.0,0.0,66.0,
2026-08-12,packaging,Logo,22.0,0.0,0.0,0.0,0.0,0.0,22.0,
2026-08-12,packaging,NB,167.0,0.0,0.0,0.0,0.0,0.0,167.0,
2026-08-12,packaging,Nc,172.0,0.0,0.0,0.0,0.0,0.0,172.0,
2026-08-12,packaging,Nco,1308.0,0.0,41.0,0.0,0.0,41.0,1267.0,
2026-08-12,packaging,Nco bar,3.0,0.0,0.0,0.0,0.0,0.0,3.0,
2026-08-12,packaging,O,1472.0,0.0,55.0,3.0,1.0,51.0,1420.0,
2026-08-12,packaging,O Bar,2.0,0.0,0.0,0.0,0.0,0.0,2.0,
2026-08-12,packaging,O အစုံ,16.0,0.0,0.0,0.0,0.0,0.0,16.0,
2026-08-12,packaging,PB ခဲအိတ်,300.0,0.0,0.0,0.0,0.0,0.0,300.0,
2026-08-12,packaging,PB180Bar,3.0,0.0,0.0,0.0,0.0,0.0,3.0,
2026-08-12,packaging,PB180Sticker,38.0,0.0,0.0,0.0,0.0,0.0,38.0,
2026-08-12,packaging,PB180ခဲပြား,141.0,0.0,0.0,0.0,0.0,0.0,141.0,
2026-08-12,packaging,PB180ဖုံး,149.0,0.0,0.0,0.0,0.0,0.0,149.0,
2026-08-12,packaging,PB180ဘူး,34.0,0.0,0.0,0.0,0.0,0.0,34.0,
2026-08-12,packaging,PB400Bar,3.0,0.0,0.0,0.0,0.0,0.0,3.0,
2026-08-12,packaging,PB400sticker,29.0,0.0,0.0,0.0,0.0,0.0,29.0,
2026-08-12,packaging,PB400ခဲပြား,153.0,0.0,0.0,0.0,0.0,0.0,153.0,
2026-08-12,packaging,PB400ဖုံး,64.0,0.0,0.0,0.0,0.0,0.0,64.0,
2026-08-12,packaging,PB400ဘူး,52.0,0.0,0.0,0.0,0.0,0.0,52.0,
2026-08-12,packaging,PBD Bar,3.0,0.0,0.0,0.0,0.0,0.0,3.0,
2026-08-12,packaging,PBD Long,1109.0,0.0,250.0,0.0,0.0,250.0,859.0,
2026-08-12,packaging,PBD Short,1176.0,0.0,250.0,0.0,0.0,250.0,926.0,
2026-08-12,packaging,PBO Bar,3.0,0.0,0.0,0.0,0.0,0.0,3.0,
2026-08-12,packaging,PBO Long,926.0,0.0,256.0,0.0,0.0,256.0,670.0,
2026-08-12,packaging,PBO Short,1029.0,0.0,256.0,0.0,0.0,256.0,773.0,
2026-08-12,packaging,PJ Bar နောက်,1750.0,0.0,0.0,0.0,0.0,0.0,1750.0,
2026-08-12,packaging,PJ Bar ရှေ့,56.0,0.0,0.0,0.0,0.0,0.0,56.0,
2026-08-12,packaging,Peanut 50gအိတ်,1004.0,0.0,0.0,0.0,0.0,0.0,1004.0,
2026-08-12,packaging,S,1297.0,0.0,54.0,3.0,0.0,51.0,1246.0,
2026-08-12,packaging,S Bar,4594.0,0.0,55.0,0.0,0.0,55.0,4539.0,
2026-08-12,packaging,S အစုံ,11.0,0.0,0.0,0.0,0.0,0.0,11.0,
2026-08-12,packaging,Sample ခဲအိတ်,100.0,0.0,0.0,0.0,0.0,0.0,100.0,
2026-08-12,packaging,Smile,3026.0,0.0,700.0,175.0,0.0,525.0,2501.0,
2026-08-12,packaging,Tape,8.0,24.0,6.0,0.0,0.0,6.0,26.0,
2026-08-12,packaging,Tissue,16.0,0.0,4.0,0.0,0.0,4.0,12.0,
2026-08-12,packaging,WMB,457.0,0.0,0.0,0.0,0.0,0.0,457.0,
2026-08-12,packaging,ခဲဇစ်,1919.0,0.0,600.0,251.0,0.0,349.0,1570.0,
2026-08-12,packaging,နယ်ကဒ်,109.0,0.0,0.0,0.0,0.0,0.0,109.0,
2026-08-12,packaging,မှိုက်ကြီး,3.0,0.0,0.0,0.0,0.0,0.0,3.0,
2026-08-12,packaging,မှိုက်သေး,3.0,0.0,0.0,0.0,0.0,0.0,3.0,
2026-08-12,packaging,လက်အိတ်,18.0,0.0,2.0,0.0,0.0,2.0,16.0,
2026-08-12,packaging,အလှအိတ်,96.0,0.0,0.0,0.0,0.0,0.0,96.0,
2026-08-13,packaging,15×25,581.0,1000.0,601.0,32.0,0.0,569.0,1012.0,
2026-08-13,packaging,15×25 R&D,98.0,0.0,0.0,0.0,0.0,0.0,98.0,
2026-08-13,packaging,4တင်းကျွတ်,4.0,0.0,1.0,0.0,0.0,1.0,3.0,
2026-08-13,packaging,5,3.0,0.0,0.0,0.0,0.0,0.0,3.0,
2026-08-13,packaging,5×22 R&D,100.0,0.0,0.0,0.0,0.0,0.0,100.0,
2026-08-13,packaging,6,0.0,0.0,0.0,0.0,0.0,0.0,0.0,
2026-08-13,packaging,6.5,2.0,0.0,2.0,0.0,0.0,2.0,0.0,
2026-08-13,packaging,7,4.0,0.0,0.0,0.0,0.0,0.0,4.0,
2026-08-13,packaging,750,277.0,0.0,38.0,0.0,4.0,34.0,239.0,
2026-08-13,packaging,Absober,197.0,6000.0,271.0,64.0,6.0,201.0,5990.0,
2026-08-13,packaging,Bar ခဲပိတ်,114.0,0.0,0.0,0.0,0.0,0.0,114.0,
2026-08-13,packaging,Barဇစ်,835.0,0.0,0.0,0.0,0.0,0.0,835.0,
2026-08-13,packaging,Barဖု,94.0,0.0,0.0,0.0,0.0,0.0,94.0,
2026-08-13,packaging,Br Bar,3.0,0.0,0.0,0.0,0.0,0.0,3.0,
2026-08-13,packaging,Br Sticker,55.0,0.0,0.0,0.0,0.0,0.0,55.0,
2026-08-13,packaging,C,1747.0,0.0,25.0,1.0,0.0,24.0,1723.0,
2026-08-13,packaging,C Bar,3.0,0.0,0.0,0.0,0.0,0.0,3.0,
2026-08-13,packaging,C အစုံ,13.0,0.0,0.0,0.0,0.0,0.0,13.0,
2026-08-13,packaging,Cc,1281.0,0.0,45.0,4.0,0.0,41.0,1240.0,
2026-08-13,packaging,Cc bar,13812.0,0.0,45.0,0.0,0.0,45.0,13767.0,
2026-08-13,packaging,Cp,33.0,0.0,0.0,0.0,0.0,0.0,33.0,
2026-08-13,packaging,D,1303.0,0.0,41.0,0.0,0.0,41.0,1262.0,
2026-08-13,packaging,D Bar,2.0,0.0,0.0,0.0,0.0,0.0,2.0,
2026-08-13,packaging,EB,311.0,0.0,1.0,0.0,0.0,1.0,310.0,
2026-08-13,packaging,Gift Box,715.0,0.0,0.0,0.0,0.0,0.0,715.0,
2026-08-13,packaging,Lavash Sticker,125.0,0.0,0.0,0.0,0.0,0.0,125.0,
2026-08-13,packaging,Lavash အိတ်,66.0,0.0,0.0,0.0,0.0,0.0,66.0,
2026-08-13,packaging,Logo,22.0,0.0,0.0,0.0,0.0,0.0,22.0,
2026-08-13,packaging,NB,167.0,0.0,0.0,0.0,0.0,0.0,167.0,
2026-08-13,packaging,Nc,172.0,0.0,0.0,0.0,0.0,0.0,172.0,
2026-08-13,packaging,Nco,1267.0,0.0,34.0,0.0,0.0,34.0,1233.0,
2026-08-13,packaging,Nco bar,3.0,0.0,0.0,0.0,0.0,0.0,3.0,
2026-08-13,packaging,O,1420.0,0.0,25.0,3.0,0.0,22.0,1398.0,
2026-08-13,packaging,O Bar,2.0,0.0,0.0,0.0,0.0,0.0,2.0,
2026-08-13,packaging,O အစုံ,16.0,0.0,0.0,0.0,0.0,0.0,16.0,
2026-08-13,packaging,PB ခဲအိတ်,300.0,0.0,0.0,0.0,0.0,0.0,300.0,
2026-08-13,packaging,PB180Bar,3.0,0.0,0.0,0.0,0.0,0.0,3.0,
2026-08-13,packaging,PB180Sticker,38.0,0.0,1.0,0.0,0.0,1.0,37.0,
2026-08-13,packaging,PB180ခဲပြား,141.0,0.0,0.0,0.0,0.0,0.0,141.0,
2026-08-13,packaging,PB180ဖုံး,149.0,0.0,0.0,0.0,0.0,0.0,149.0,
2026-08-13,packaging,PB180ဘူး,34.0,0.0,0.0,0.0,0.0,0.0,34.0,
2026-08-13,packaging,PB400Bar,3.0,0.0,0.0,0.0,0.0,0.0,3.0,
2026-08-13,packaging,PB400sticker,29.0,0.0,0.0,0.0,0.0,0.0,29.0,
2026-08-13,packaging,PB400ခဲပြား,153.0,0.0,0.0,0.0,0.0,0.0,153.0,
2026-08-13,packaging,PB400ဖုံး,64.0,0.0,0.0,0.0,0.0,0.0,64.0,
2026-08-13,packaging,PB400ဘူး,52.0,0.0,0.0,0.0,0.0,0.0,52.0,
2026-08-13,packaging,PBD Bar,3.0,0.0,0.0,0.0,0.0,0.0,3.0,
2026-08-13,packaging,PBD Long,859.0,0.0,322.0,1.0,10.0,311.0,538.0,
2026-08-13,packaging,PBD Short,926.0,0.0,322.0,1.0,10.0,311.0,605.0,
2026-08-13,packaging,PBO Bar,3.0,0.0,0.0,0.0,0.0,0.0,3.0,
2026-08-13,packaging,PBO Long,670.0,0.0,267.0,0.0,10.0,257.0,403.0,
2026-08-13,packaging,PBO Short,773.0,0.0,267.0,0.0,10.0,257.0,506.0,
2026-08-13,packaging,PJ Bar နောက်,1750.0,0.0,0.0,0.0,0.0,0.0,1750.0,
2026-08-13,packaging,PJ Bar ရှေ့,56.0,0.0,0.0,0.0,0.0,0.0,56.0,
2026-08-13,packaging,Peanut 50gအိတ်,1004.0,0.0,0.0,0.0,0.0,0.0,1004.0,
2026-08-13,packaging,S,1246.0,0.0,45.0,4.0,0.0,41.0,1205.0,
2026-08-13,packaging,S Bar,4539.0,0.0,45.0,0.0,0.0,45.0,4494.0,
2026-08-13,packaging,S အစုံ,11.0,0.0,0.0,0.0,0.0,0.0,11.0,
2026-08-13,packaging,Sample ခဲအိတ်,100.0,0.0,0.0,0.0,0.0,0.0,100.0,
2026-08-13,packaging,Smile,2501.0,0.0,600.0,96.0,0.0,504.0,1997.0,
2026-08-13,packaging,Tape,26.0,0.0,9.0,0.0,0.0,9.0,17.0,
2026-08-13,packaging,Tissue,12.0,0.0,2.0,0.0,0.0,2.0,10.0,
2026-08-13,packaging,WMB,457.0,0.0,0.0,0.0,0.0,0.0,457.0,
2026-08-13,packaging,ခဲဇစ်,1570.0,0.0,569.0,0.0,1.0,568.0,1001.0,
2026-08-13,packaging,နယ်ကဒ်,109.0,0.0,3.0,0.0,0.0,3.0,106.0,
2026-08-13,packaging,မှိုက်ကြီး,3.0,0.0,0.0,0.0,0.0,0.0,3.0,
2026-08-13,packaging,မှိုက်သေး,3.0,0.0,0.0,0.0,0.0,0.0,3.0,
2026-08-13,packaging,လက်အိတ်,16.0,0.0,2.0,0.0,0.0,2.0,14.0,
2026-08-13,packaging,အလှအိတ်,96.0,0.0,0.0,0.0,0.0,0.0,96.0,
2026-08-14,packaging,15×25,1012.0,0.0,12.0,0.0,0.0,12.0,1000.0,
2026-08-14,packaging,15×25 R&D,98.0,0.0,0.0,0.0,0.0,0.0,98.0,
2026-08-14,packaging,4တင်းကျွတ်,3.0,0.0,0.0,0.0,0.0,0.0,3.0,
2026-08-14,packaging,5,3.0,0.0,0.0,0.0,0.0,0.0,3.0,
2026-08-14,packaging,5×22 R&D,100.0,0.0,0.0,0.0,0.0,0.0,100.0,
2026-08-14,packaging,6,0.0,5.0,0.0,0.0,0.0,0.0,5.0,
2026-08-14,packaging,6.5,0.0,5.0,0.0,0.0,0.0,0.0,5.0,
2026-08-14,packaging,7,4.0,0.0,0.0,0.0,0.0,0.0,4.0,
2026-08-14,packaging,750,239.0,0.0,8.0,0.0,0.0,8.0,231.0,
2026-08-14,packaging,Absober,5990.0,0.0,0.0,0.0,0.0,0.0,5990.0,
2026-08-14,packaging,Bar ခဲပိတ်,114.0,0.0,0.0,0.0,0.0,0.0,114.0,
2026-08-14,packaging,Barဇစ်,835.0,0.0,0.0,0.0,0.0,0.0,835.0,
2026-08-14,packaging,Barဖု,94.0,0.0,0.0,0.0,0.0,0.0,94.0,
2026-08-14,packaging,Br Bar,3.0,0.0,0.0,0.0,0.0,0.0,3.0,
2026-08-14,packaging,Br Sticker,55.0,0.0,0.0,0.0,0.0,0.0,55.0,
2026-08-14,packaging,C,1723.0,0.0,0.0,0.0,0.0,0.0,1723.0,
2026-08-14,packaging,C Bar,3.0,0.0,0.0,0.0,0.0,0.0,3.0,
2026-08-14,packaging,C အစုံ,13.0,0.0,0.0,0.0,0.0,0.0,13.0,
2026-08-14,packaging,Cc,1240.0,0.0,0.0,0.0,0.0,0.0,1240.0,
2026-08-14,packaging,Cc bar,13767.0,0.0,0.0,0.0,0.0,0.0,13767.0,
2026-08-14,packaging,Cp,33.0,0.0,0.0,0.0,0.0,0.0,33.0,
2026-08-14,packaging,D,1262.0,0.0,0.0,0.0,0.0,0.0,1262.0,
2026-08-14,packaging,D Bar,2.0,0.0,0.0,0.0,0.0,0.0,2.0,
2026-08-14,packaging,EB,310.0,0.0,0.0,0.0,0.0,0.0,310.0,
2026-08-14,packaging,Gift Box,715.0,0.0,0.0,0.0,0.0,0.0,715.0,
2026-08-14,packaging,Lavash Sticker,125.0,0.0,0.0,0.0,0.0,0.0,125.0,
2026-08-14,packaging,Lavash အိတ်,66.0,0.0,0.0,0.0,0.0,0.0,66.0,
2026-08-14,packaging,Logo,22.0,200.0,0.0,0.0,0.0,0.0,222.0,
2026-08-14,packaging,NB,167.0,0.0,0.0,0.0,0.0,0.0,167.0,
2026-08-14,packaging,Nc,172.0,0.0,0.0,0.0,0.0,0.0,172.0,
2026-08-14,packaging,Nco,1233.0,0.0,2.0,0.0,0.0,2.0,1231.0,
2026-08-14,packaging,Nco bar,3.0,0.0,0.0,0.0,0.0,0.0,3.0,
2026-08-14,packaging,O,1398.0,0.0,0.0,0.0,0.0,0.0,1398.0,
2026-08-14,packaging,O Bar,2.0,0.0,0.0,0.0,0.0,0.0,2.0,
2026-08-14,packaging,O အစုံ,16.0,0.0,0.0,0.0,0.0,0.0,16.0,
2026-08-14,packaging,PB ခဲအိတ်,300.0,0.0,0.0,0.0,0.0,0.0,300.0,
2026-08-14,packaging,PB180Bar,3.0,0.0,0.0,0.0,0.0,0.0,3.0,
2026-08-14,packaging,PB180Sticker,37.0,0.0,0.0,0.0,0.0,0.0,37.0,
2026-08-14,packaging,PB180ခဲပြား,141.0,0.0,0.0,0.0,0.0,0.0,141.0,
2026-08-14,packaging,PB180ဖုံး,149.0,0.0,0.0,0.0,0.0,0.0,149.0,
2026-08-14,packaging,PB180ဘူး,34.0,0.0,0.0,0.0,0.0,0.0,34.0,
2026-08-14,packaging,PB400Bar,3.0,0.0,0.0,0.0,0.0,0.0,3.0,
2026-08-14,packaging,PB400sticker,29.0,0.0,0.0,0.0,0.0,0.0,29.0,
2026-08-14,packaging,PB400ခဲပြား,153.0,0.0,0.0,0.0,0.0,0.0,153.0,
2026-08-14,packaging,PB400ဖုံး,64.0,0.0,0.0,0.0,0.0,0.0,64.0,
2026-08-14,packaging,PB400ဘူး,52.0,0.0,0.0,0.0,0.0,0.0,52.0,
2026-08-14,packaging,PBD Bar,3.0,0.0,0.0,0.0,0.0,0.0,3.0,
2026-08-14,packaging,PBD Long,538.0,0.0,30.0,0.0,0.0,30.0,508.0,
2026-08-14,packaging,PBD Short,605.0,0.0,31.0,0.0,0.0,31.0,574.0,
2026-08-14,packaging,PBO Bar,3.0,0.0,0.0,0.0,0.0,0.0,3.0,
2026-08-14,packaging,PBO Long,403.0,0.0,1.0,0.0,0.0,1.0,402.0,
2026-08-14,packaging,PBO Short,506.0,0.0,1.0,0.0,0.0,1.0,505.0,
2026-08-14,packaging,PJ Bar နောက်,1750.0,0.0,0.0,0.0,0.0,0.0,1750.0,
2026-08-14,packaging,PJ Bar ရှေ့,56.0,0.0,0.0,0.0,0.0,0.0,56.0,
2026-08-14,packaging,Peanut 50gအိတ်,1004.0,0.0,0.0,0.0,0.0,0.0,1004.0,
2026-08-14,packaging,S,1205.0,0.0,0.0,0.0,0.0,0.0,1205.0,
2026-08-14,packaging,S Bar,4494.0,0.0,0.0,0.0,0.0,0.0,4494.0,
2026-08-14,packaging,S အစုံ,11.0,0.0,0.0,0.0,0.0,0.0,11.0,
2026-08-14,packaging,Sample ခဲအိတ်,100.0,0.0,0.0,0.0,0.0,0.0,100.0,
2026-08-14,packaging,Smile,1997.0,0.0,0.0,0.0,0.0,0.0,1997.0,
2026-08-14,packaging,Tape,17.0,0.0,0.0,0.0,0.0,0.0,17.0,
2026-08-14,packaging,Tissue,10.0,0.0,2.0,0.0,0.0,2.0,8.0,
2026-08-14,packaging,WMB,457.0,0.0,0.0,0.0,0.0,0.0,457.0,
2026-08-14,packaging,ခဲဇစ်,1001.0,0.0,32.0,0.0,0.0,32.0,969.0,
2026-08-14,packaging,နယ်ကဒ်,106.0,0.0,0.0,0.0,0.0,0.0,106.0,
2026-08-14,packaging,မှိုက်ကြီး,3.0,0.0,0.0,0.0,0.0,0.0,3.0,
2026-08-14,packaging,မှိုက်သေး,3.0,0.0,0.0,0.0,0.0,0.0,3.0,
2026-08-14,packaging,လက်အိတ်,14.0,0.0,6.0,0.0,0.0,6.0,8.0,
2026-08-14,packaging,အလှအိတ်,96.0,0.0,0.0,0.0,0.0,0.0,96.0,
2026-08-15,packaging,15×25,1000.0,0.0,0.0,0.0,0.0,0.0,1000.0,
2026-08-15,packaging,15×25 R&D,98.0,0.0,0.0,0.0,0.0,0.0,98.0,
2026-08-15,packaging,4တင်းကျွတ်,3.0,0.0,0.0,0.0,0.0,0.0,3.0,
2026-08-15,packaging,5,3.0,0.0,0.0,0.0,0.0,0.0,3.0,
2026-08-15,packaging,5×22 R&D,100.0,0.0,0.0,0.0,0.0,0.0,100.0,
2026-08-15,packaging,6,5.0,0.0,0.0,0.0,0.0,0.0,5.0,
2026-08-15,packaging,6.5,5.0,0.0,0.0,0.0,0.0,0.0,5.0,
2026-08-15,packaging,7,4.0,0.0,0.0,0.0,0.0,0.0,4.0,
2026-08-15,packaging,750,231.0,0.0,0.0,0.0,0.0,0.0,231.0,
2026-08-15,packaging,Absober,5990.0,0.0,0.0,0.0,0.0,0.0,5990.0,
2026-08-15,packaging,Bar ခဲပိတ်,114.0,0.0,0.0,0.0,0.0,0.0,114.0,
2026-08-15,packaging,Barဇစ်,835.0,0.0,0.0,0.0,0.0,0.0,835.0,
2026-08-15,packaging,Barဖု,94.0,0.0,0.0,0.0,0.0,0.0,94.0,
2026-08-15,packaging,Br Bar,3.0,0.0,0.0,0.0,0.0,0.0,3.0,
2026-08-15,packaging,Br Sticker,55.0,0.0,0.0,0.0,0.0,0.0,55.0,
2026-08-15,packaging,C,1723.0,0.0,0.0,0.0,0.0,0.0,1723.0,
2026-08-15,packaging,C Bar,3.0,0.0,0.0,0.0,0.0,0.0,3.0,
2026-08-15,packaging,C အစုံ,13.0,0.0,0.0,0.0,0.0,0.0,13.0,
2026-08-15,packaging,Cc,1240.0,0.0,0.0,0.0,0.0,0.0,1240.0,
2026-08-15,packaging,Cc bar,13767.0,0.0,0.0,0.0,0.0,0.0,13767.0,
2026-08-15,packaging,Cp,33.0,0.0,0.0,0.0,0.0,0.0,33.0,
2026-08-15,packaging,D,1262.0,0.0,0.0,0.0,0.0,0.0,1262.0,
2026-08-15,packaging,D Bar,2.0,0.0,0.0,0.0,0.0,0.0,2.0,
2026-08-15,packaging,EB,310.0,0.0,0.0,0.0,0.0,0.0,310.0,
2026-08-15,packaging,Gift Box,715.0,0.0,0.0,0.0,0.0,0.0,715.0,
2026-08-15,packaging,Lavash Sticker,125.0,0.0,0.0,0.0,0.0,0.0,125.0,
2026-08-15,packaging,Lavash အိတ်,66.0,0.0,0.0,0.0,0.0,0.0,66.0,
2026-08-15,packaging,Logo,222.0,0.0,0.0,0.0,0.0,0.0,222.0,
2026-08-15,packaging,NB,167.0,0.0,0.0,0.0,0.0,0.0,167.0,
2026-08-15,packaging,Nc,172.0,0.0,0.0,0.0,0.0,0.0,172.0,
2026-08-15,packaging,Nco,1231.0,0.0,0.0,0.0,0.0,0.0,1231.0,
2026-08-15,packaging,Nco bar,3.0,0.0,0.0,0.0,0.0,0.0,3.0,
2026-08-15,packaging,O,1398.0,0.0,0.0,0.0,0.0,0.0,1398.0,
2026-08-15,packaging,O Bar,2.0,0.0,0.0,0.0,0.0,0.0,2.0,
2026-08-15,packaging,O အစုံ,16.0,0.0,0.0,0.0,0.0,0.0,16.0,
2026-08-15,packaging,PB ခဲအိတ်,300.0,0.0,0.0,0.0,0.0,0.0,300.0,
2026-08-15,packaging,PB180Bar,3.0,0.0,0.0,0.0,0.0,0.0,3.0,
2026-08-15,packaging,PB180Sticker,37.0,0.0,0.0,0.0,0.0,0.0,37.0,
2026-08-15,packaging,PB180ခဲပြား,141.0,0.0,0.0,0.0,0.0,0.0,141.0,
2026-08-15,packaging,PB180ဖုံး,149.0,0.0,0.0,0.0,0.0,0.0,149.0,
2026-08-15,packaging,PB180ဘူး,34.0,0.0,0.0,0.0,0.0,0.0,34.0,
2026-08-15,packaging,PB400Bar,3.0,0.0,0.0,0.0,0.0,0.0,3.0,
2026-08-15,packaging,PB400sticker,29.0,0.0,0.0,0.0,0.0,0.0,29.0,
2026-08-15,packaging,PB400ခဲပြား,153.0,0.0,0.0,0.0,0.0,0.0,153.0,
2026-08-15,packaging,PB400ဖုံး,64.0,0.0,0.0,0.0,0.0,0.0,64.0,
2026-08-15,packaging,PB400ဘူး,52.0,0.0,0.0,0.0,0.0,0.0,52.0,
2026-08-15,packaging,PBD Bar,3.0,0.0,0.0,0.0,0.0,0.0,3.0,
2026-08-15,packaging,PBD Long,508.0,0.0,0.0,0.0,0.0,0.0,508.0,
2026-08-15,packaging,PBD Short,574.0,0.0,0.0,0.0,0.0,0.0,574.0,
2026-08-15,packaging,PBO Bar,3.0,0.0,0.0,0.0,0.0,0.0,3.0,
2026-08-15,packaging,PBO Long,402.0,0.0,0.0,0.0,0.0,0.0,402.0,
2026-08-15,packaging,PBO Short,505.0,0.0,0.0,0.0,0.0,0.0,505.0,
2026-08-15,packaging,PJ Bar နောက်,1750.0,0.0,0.0,0.0,0.0,0.0,1750.0,
2026-08-15,packaging,PJ Bar ရှေ့,56.0,0.0,0.0,0.0,0.0,0.0,56.0,
2026-08-15,packaging,Peanut 50gအိတ်,1004.0,0.0,0.0,0.0,0.0,0.0,1004.0,
2026-08-15,packaging,S,1205.0,0.0,0.0,0.0,0.0,0.0,1205.0,
2026-08-15,packaging,S Bar,4494.0,0.0,0.0,0.0,0.0,0.0,4494.0,
2026-08-15,packaging,S အစုံ,11.0,0.0,0.0,0.0,0.0,0.0,11.0,
2026-08-15,packaging,Sample ခဲအိတ်,100.0,0.0,0.0,0.0,0.0,0.0,100.0,
2026-08-15,packaging,Smile,1997.0,2000.0,0.0,0.0,0.0,0.0,3997.0,
2026-08-15,packaging,Tape,17.0,0.0,0.0,0.0,0.0,0.0,17.0,
2026-08-15,packaging,Tissue,8.0,0.0,0.0,0.0,0.0,0.0,8.0,
2026-08-15,packaging,WMB,457.0,0.0,0.0,0.0,0.0,0.0,457.0,
2026-08-15,packaging,ခဲဇစ်,969.0,0.0,0.0,0.0,0.0,0.0,969.0,
2026-08-15,packaging,နယ်ကဒ်,106.0,0.0,0.0,0.0,0.0,0.0,106.0,
2026-08-15,packaging,မှိုက်ကြီး,3.0,0.0,0.0,0.0,0.0,0.0,3.0,
2026-08-15,packaging,မှိုက်သေး,3.0,0.0,0.0,0.0,0.0,0.0,3.0,
2026-08-15,packaging,လက်အိတ်,8.0,0.0,0.0,0.0,0.0,0.0,8.0,
2026-08-15,packaging,အလှအိတ်,96.0,0.0,0.0,0.0,0.0,0.0,96.0,
2026-08-16,packaging,15×25,1000.0,0.0,500.0,152.0,0.0,348.0,652.0,
2026-08-16,packaging,15×25 R&D,98.0,0.0,0.0,0.0,0.0,0.0,98.0,
2026-08-16,packaging,4တင်းကျွတ်,3.0,0.0,1.0,0.0,0.0,1.0,2.0,
2026-08-16,packaging,5,3.0,0.0,0.0,0.0,0.0,0.0,3.0,
2026-08-16,packaging,5×22 R&D,100.0,0.0,0.0,0.0,0.0,0.0,100.0,
2026-08-16,packaging,6,5.0,0.0,0.0,0.0,0.0,0.0,5.0,
2026-08-16,packaging,6.5,5.0,0.0,0.0,0.0,0.0,0.0,5.0,
2026-08-16,packaging,7,4.0,0.0,0.0,0.0,0.0,0.0,4.0,
2026-08-16,packaging,750,231.0,0.0,0.0,0.0,0.0,0.0,231.0,
2026-08-16,packaging,Absober,5990.0,0.0,300.0,0.0,0.0,300.0,5690.0,
2026-08-16,packaging,Bar ခဲပိတ်,114.0,0.0,0.0,0.0,0.0,0.0,114.0,
2026-08-16,packaging,Barဇစ်,835.0,0.0,200.0,0.0,0.0,200.0,635.0,
2026-08-16,packaging,Barဖု,94.0,0.0,0.0,0.0,0.0,0.0,94.0,
2026-08-16,packaging,Br Bar,3.0,0.0,0.0,0.0,0.0,0.0,3.0,
2026-08-16,packaging,Br Sticker,55.0,0.0,0.0,0.0,0.0,0.0,55.0,
2026-08-16,packaging,C,1723.0,0.0,51.0,0.0,0.0,51.0,1672.0,
2026-08-16,packaging,C Bar,3.0,0.0,0.0,0.0,0.0,0.0,3.0,
2026-08-16,packaging,C အစုံ,13.0,0.0,0.0,0.0,0.0,0.0,13.0,
2026-08-16,packaging,Cc,1240.0,0.0,44.0,4.0,0.0,40.0,1200.0,
2026-08-16,packaging,Cc bar,13767.0,0.0,0.0,0.0,0.0,0.0,13767.0,
2026-08-16,packaging,Cp,33.0,0.0,0.0,0.0,0.0,0.0,33.0,
2026-08-16,packaging,D,1262.0,0.0,50.0,0.0,0.0,50.0,1212.0,
2026-08-16,packaging,D Bar,2.0,0.0,0.0,0.0,0.0,0.0,2.0,
2026-08-16,packaging,EB,310.0,0.0,0.0,0.0,0.0,0.0,310.0,
2026-08-16,packaging,Gift Box,715.0,0.0,20.0,0.0,0.0,20.0,695.0,
2026-08-16,packaging,Lavash Sticker,125.0,0.0,0.0,0.0,0.0,0.0,125.0,
2026-08-16,packaging,Lavash အိတ်,66.0,0.0,0.0,0.0,0.0,0.0,66.0,
2026-08-16,packaging,Logo,222.0,0.0,0.0,0.0,0.0,0.0,222.0,
2026-08-16,packaging,NB,167.0,0.0,0.0,0.0,0.0,0.0,167.0,
2026-08-16,packaging,Nc,172.0,0.0,0.0,0.0,0.0,0.0,172.0,
2026-08-16,packaging,Nco,1231.0,0.0,50.0,16.0,0.0,34.0,1197.0,
2026-08-16,packaging,Nco bar,3.0,0.0,0.0,0.0,0.0,0.0,3.0,
2026-08-16,packaging,O,1398.0,0.0,33.0,2.0,0.0,31.0,1367.0,
2026-08-16,packaging,O Bar,2.0,0.0,0.0,0.0,0.0,0.0,2.0,
2026-08-16,packaging,O အစုံ,16.0,0.0,0.0,0.0,0.0,0.0,16.0,
2026-08-16,packaging,PB ခဲအိတ်,300.0,0.0,0.0,0.0,0.0,0.0,300.0,
2026-08-16,packaging,PB180Bar,3.0,0.0,0.0,0.0,0.0,0.0,3.0,
2026-08-16,packaging,PB180Sticker,37.0,0.0,0.0,0.0,0.0,0.0,37.0,
2026-08-16,packaging,PB180ခဲပြား,141.0,0.0,0.0,0.0,0.0,0.0,141.0,
2026-08-16,packaging,PB180ဖုံး,149.0,0.0,0.0,0.0,0.0,0.0,149.0,
2026-08-16,packaging,PB180ဘူး,34.0,0.0,0.0,0.0,0.0,0.0,34.0,
2026-08-16,packaging,PB400Bar,3.0,0.0,0.0,0.0,0.0,0.0,3.0,
2026-08-16,packaging,PB400sticker,29.0,0.0,0.0,0.0,0.0,0.0,29.0,
2026-08-16,packaging,PB400ခဲပြား,153.0,0.0,0.0,0.0,0.0,0.0,153.0,
2026-08-16,packaging,PB400ဖုံး,64.0,0.0,13.0,1.0,0.0,12.0,52.0,
2026-08-16,packaging,PB400ဘူး,52.0,0.0,13.0,1.0,0.0,12.0,40.0,
2026-08-16,packaging,PBD Bar,3.0,0.0,0.0,0.0,0.0,0.0,3.0,
2026-08-16,packaging,PBD Long,508.0,1000.0,250.0,126.0,0.0,124.0,1384.0,
2026-08-16,packaging,PBD Short,574.0,1000.0,250.0,126.0,0.0,124.0,1450.0,
2026-08-16,packaging,PBO Bar,3.0,0.0,0.0,0.0,0.0,0.0,3.0,
2026-08-16,packaging,PBO Long,402.0,1000.0,251.0,27.0,0.0,224.0,1178.0,
2026-08-16,packaging,PBO Short,505.0,1000.0,250.0,26.0,0.0,224.0,1281.0,
2026-08-16,packaging,PJ Bar နောက်,1750.0,0.0,0.0,0.0,0.0,0.0,1750.0,
2026-08-16,packaging,PJ Bar ရှေ့,56.0,0.0,0.0,0.0,0.0,0.0,56.0,
2026-08-16,packaging,Peanut 50gအိတ်,1004.0,0.0,0.0,0.0,0.0,0.0,1004.0,
2026-08-16,packaging,S,1205.0,0.0,34.0,5.0,0.0,29.0,1176.0,
2026-08-16,packaging,S Bar,4494.0,0.0,0.0,0.0,0.0,0.0,4494.0,
2026-08-16,packaging,S အစုံ,11.0,0.0,0.0,0.0,0.0,0.0,11.0,
2026-08-16,packaging,Sample ခဲအိတ်,100.0,0.0,0.0,0.0,0.0,0.0,100.0,
2026-08-16,packaging,Smile,3997.0,0.0,700.0,90.0,0.0,610.0,3387.0,3 ခုမုန့်ပို
2026-08-16,packaging,Tape,17.0,0.0,0.0,0.0,0.0,0.0,17.0,
2026-08-16,packaging,Tissue,8.0,0.0,0.0,0.0,0.0,0.0,8.0,
2026-08-16,packaging,WMB,457.0,0.0,0.0,0.0,0.0,0.0,457.0,
2026-08-16,packaging,ခဲဇစ်,969.0,2000.0,500.0,152.0,0.0,348.0,2621.0,
2026-08-16,packaging,နယ်ကဒ်,106.0,0.0,0.0,0.0,0.0,0.0,106.0,
2026-08-16,packaging,မှိုက်ကြီး,3.0,0.0,0.0,0.0,0.0,0.0,3.0,
2026-08-16,packaging,မှိုက်သေး,3.0,0.0,0.0,0.0,0.0,0.0,3.0,
2026-08-16,packaging,လက်အိတ်,8.0,10.0,0.0,0.0,0.0,0.0,18.0,
2026-08-16,packaging,အလှအိတ်,96.0,0.0,0.0,0.0,0.0,0.0,96.0,
2026-08-17,packaging,15×25,652.0,0.0,0.0,0.0,0.0,0.0,652.0,
2026-08-17,packaging,15×25 R&D,98.0,0.0,0.0,0.0,0.0,0.0,98.0,
2026-08-17,packaging,4တင်းကျွတ်,2.0,0.0,0.0,0.0,0.0,0.0,2.0,
2026-08-17,packaging,5,3.0,0.0,0.0,0.0,0.0,0.0,3.0,
2026-08-17,packaging,5×22 R&D,100.0,0.0,0.0,0.0,0.0,0.0,100.0,
2026-08-17,packaging,6,5.0,0.0,0.0,0.0,0.0,0.0,5.0,
2026-08-17,packaging,6.5,5.0,0.0,0.0,0.0,0.0,0.0,5.0,
2026-08-17,packaging,7,4.0,0.0,0.0,0.0,0.0,0.0,4.0,
2026-08-17,packaging,750,231.0,0.0,0.0,0.0,0.0,0.0,231.0,
2026-08-17,packaging,Absober,5690.0,0.0,0.0,0.0,0.0,0.0,5690.0,
2026-08-17,packaging,Bar ခဲပိတ်,114.0,0.0,0.0,0.0,0.0,0.0,114.0,
2026-08-17,packaging,Barဇစ်,635.0,0.0,0.0,0.0,0.0,0.0,635.0,
2026-08-17,packaging,Barဖု,94.0,0.0,0.0,0.0,0.0,0.0,94.0,
2026-08-17,packaging,Br Bar,3.0,0.0,0.0,0.0,0.0,0.0,3.0,
2026-08-17,packaging,Br Sticker,55.0,0.0,0.0,0.0,0.0,0.0,55.0,
2026-08-17,packaging,C,1672.0,0.0,0.0,0.0,0.0,0.0,1672.0,
2026-08-17,packaging,C Bar,3.0,0.0,0.0,0.0,0.0,0.0,3.0,
2026-08-17,packaging,C အစုံ,13.0,0.0,0.0,0.0,0.0,0.0,13.0,
2026-08-17,packaging,Cc,1200.0,0.0,0.0,0.0,0.0,0.0,1200.0,
2026-08-17,packaging,Cc bar,13767.0,0.0,0.0,0.0,0.0,0.0,13767.0,
2026-08-17,packaging,Cp,33.0,0.0,0.0,0.0,0.0,0.0,33.0,
2026-08-17,packaging,D,1212.0,0.0,0.0,0.0,0.0,0.0,1212.0,
2026-08-17,packaging,D Bar,2.0,0.0,0.0,0.0,0.0,0.0,2.0,
2026-08-17,packaging,EB,310.0,0.0,0.0,0.0,0.0,0.0,310.0,
2026-08-17,packaging,Gift Box,695.0,0.0,0.0,0.0,0.0,0.0,695.0,
2026-08-17,packaging,Lavash Sticker,125.0,0.0,0.0,0.0,0.0,0.0,125.0,
2026-08-17,packaging,Lavash အိတ်,66.0,0.0,0.0,0.0,0.0,0.0,66.0,
2026-08-17,packaging,Logo,222.0,0.0,0.0,0.0,0.0,0.0,222.0,
2026-08-17,packaging,NB,167.0,0.0,0.0,0.0,0.0,0.0,167.0,
2026-08-17,packaging,Nc,172.0,0.0,0.0,0.0,0.0,0.0,172.0,
2026-08-17,packaging,Nco,1197.0,0.0,0.0,0.0,0.0,0.0,1197.0,
2026-08-17,packaging,Nco bar,3.0,0.0,0.0,0.0,0.0,0.0,3.0,
2026-08-17,packaging,O,1367.0,0.0,0.0,0.0,0.0,0.0,1367.0,
2026-08-17,packaging,O Bar,2.0,0.0,0.0,0.0,0.0,0.0,2.0,
2026-08-17,packaging,O အစုံ,16.0,0.0,0.0,0.0,0.0,0.0,16.0,
2026-08-17,packaging,PB ခဲအိတ်,300.0,0.0,0.0,0.0,0.0,0.0,300.0,
2026-08-17,packaging,PB180Bar,3.0,0.0,0.0,0.0,0.0,0.0,3.0,
2026-08-17,packaging,PB180Sticker,37.0,0.0,0.0,0.0,0.0,0.0,37.0,
2026-08-17,packaging,PB180ခဲပြား,141.0,0.0,0.0,0.0,0.0,0.0,141.0,
2026-08-17,packaging,PB180ဖုံး,149.0,0.0,0.0,0.0,0.0,0.0,149.0,
2026-08-17,packaging,PB180ဘူး,34.0,0.0,0.0,0.0,0.0,0.0,34.0,
2026-08-17,packaging,PB400Bar,3.0,0.0,0.0,0.0,0.0,0.0,3.0,
2026-08-17,packaging,PB400sticker,29.0,0.0,0.0,0.0,0.0,0.0,29.0,
2026-08-17,packaging,PB400ခဲပြား,153.0,0.0,0.0,0.0,0.0,0.0,153.0,
2026-08-17,packaging,PB400ဖုံး,52.0,0.0,0.0,0.0,0.0,0.0,52.0,
2026-08-17,packaging,PB400ဘူး,40.0,0.0,0.0,0.0,0.0,0.0,40.0,
2026-08-17,packaging,PBD Bar,3.0,0.0,0.0,0.0,0.0,0.0,3.0,
2026-08-17,packaging,PBD Long,1384.0,0.0,0.0,0.0,0.0,0.0,1384.0,
2026-08-17,packaging,PBD Short,1450.0,0.0,0.0,0.0,0.0,0.0,1450.0,
2026-08-17,packaging,PBO Bar,3.0,0.0,0.0,0.0,0.0,0.0,3.0,
2026-08-17,packaging,PBO Long,1178.0,0.0,0.0,0.0,0.0,0.0,1178.0,
2026-08-17,packaging,PBO Short,1281.0,0.0,0.0,0.0,0.0,0.0,1281.0,
2026-08-17,packaging,PJ Bar နောက်,1750.0,0.0,0.0,0.0,0.0,0.0,1750.0,
2026-08-17,packaging,PJ Bar ရှေ့,56.0,0.0,0.0,0.0,0.0,0.0,56.0,
2026-08-17,packaging,Peanut 50gအိတ်,1004.0,0.0,0.0,0.0,0.0,0.0,1004.0,
2026-08-17,packaging,S,1176.0,0.0,0.0,0.0,0.0,0.0,1176.0,
2026-08-17,packaging,S Bar,4494.0,0.0,0.0,0.0,0.0,0.0,4494.0,
2026-08-17,packaging,S အစုံ,11.0,0.0,0.0,0.0,0.0,0.0,11.0,
2026-08-17,packaging,Sample ခဲအိတ်,100.0,0.0,0.0,0.0,0.0,0.0,100.0,
2026-08-17,packaging,Smile,3387.0,0.0,0.0,0.0,0.0,0.0,3387.0,
2026-08-17,packaging,Tape,17.0,0.0,0.0,0.0,0.0,0.0,17.0,
2026-08-17,packaging,Tissue,8.0,0.0,0.0,0.0,0.0,0.0,8.0,
2026-08-17,packaging,WMB,457.0,0.0,0.0,0.0,0.0,0.0,457.0,
2026-08-17,packaging,ခဲဇစ်,2621.0,0.0,0.0,0.0,0.0,0.0,2621.0,
2026-08-17,packaging,နယ်ကဒ်,106.0,0.0,0.0,0.0,0.0,0.0,106.0,
2026-08-17,packaging,မှိုက်ကြီး,3.0,0.0,0.0,0.0,0.0,0.0,3.0,
2026-08-17,packaging,မှိုက်သေး,3.0,0.0,0.0,0.0,0.0,0.0,3.0,
2026-08-17,packaging,လက်အိတ်,18.0,0.0,0.0,0.0,0.0,0.0,18.0,
2026-08-17,packaging,အလှအိတ်,96.0,0.0,0.0,0.0,0.0,0.0,96.0,
2026-08-18,packaging,15×25,652.0,0.0,0.0,0.0,0.0,0.0,652.0,
2026-08-18,packaging,15×25 R&D,98.0,0.0,0.0,0.0,0.0,0.0,98.0,
2026-08-18,packaging,4တင်းကျွတ်,2.0,0.0,0.0,0.0,0.0,0.0,2.0,
2026-08-18,packaging,5,3.0,0.0,0.0,0.0,0.0,0.0,3.0,
2026-08-18,packaging,5×22 R&D,100.0,0.0,0.0,0.0,0.0,0.0,100.0,
2026-08-18,packaging,6,5.0,0.0,0.0,0.0,0.0,0.0,5.0,
2026-08-18,packaging,6.5,5.0,0.0,0.0,0.0,0.0,0.0,5.0,
2026-08-18,packaging,7,4.0,0.0,0.0,0.0,0.0,0.0,4.0,
2026-08-18,packaging,750,231.0,0.0,0.0,0.0,0.0,0.0,231.0,
2026-08-18,packaging,Absober,5690.0,0.0,0.0,0.0,0.0,0.0,5690.0,
2026-08-18,packaging,Bar ခဲပိတ်,114.0,0.0,0.0,0.0,0.0,0.0,114.0,
2026-08-18,packaging,Barဇစ်,635.0,0.0,0.0,0.0,0.0,0.0,635.0,
2026-08-18,packaging,Barဖု,94.0,0.0,0.0,0.0,0.0,0.0,94.0,
2026-08-18,packaging,Br Bar,3.0,0.0,0.0,0.0,0.0,0.0,3.0,
2026-08-18,packaging,Br Sticker,55.0,0.0,0.0,0.0,0.0,0.0,55.0,
2026-08-18,packaging,C,1672.0,0.0,0.0,0.0,0.0,0.0,1672.0,
2026-08-18,packaging,C Bar,3.0,0.0,0.0,0.0,0.0,0.0,3.0,
2026-08-18,packaging,C အစုံ,13.0,0.0,0.0,0.0,0.0,0.0,13.0,
2026-08-18,packaging,Cc,1200.0,0.0,0.0,0.0,0.0,0.0,1200.0,
2026-08-18,packaging,Cc bar,13767.0,0.0,0.0,0.0,0.0,0.0,13767.0,
2026-08-18,packaging,Cp,33.0,0.0,0.0,0.0,0.0,0.0,33.0,
2026-08-18,packaging,D,1212.0,0.0,0.0,0.0,0.0,0.0,1212.0,
2026-08-18,packaging,D Bar,2.0,0.0,0.0,0.0,0.0,0.0,2.0,
2026-08-18,packaging,EB,310.0,0.0,0.0,0.0,0.0,0.0,310.0,
2026-08-18,packaging,Gift Box,695.0,0.0,0.0,0.0,0.0,0.0,695.0,
2026-08-18,packaging,Lavash Sticker,125.0,0.0,0.0,0.0,0.0,0.0,125.0,
2026-08-18,packaging,Lavash အိတ်,66.0,0.0,0.0,0.0,0.0,0.0,66.0,
2026-08-18,packaging,Logo,222.0,0.0,0.0,0.0,0.0,0.0,222.0,
2026-08-18,packaging,NB,167.0,0.0,0.0,0.0,0.0,0.0,167.0,
2026-08-18,packaging,Nc,172.0,0.0,0.0,0.0,0.0,0.0,172.0,
2026-08-18,packaging,Nco,1197.0,0.0,0.0,0.0,0.0,0.0,1197.0,
2026-08-18,packaging,Nco bar,3.0,0.0,0.0,0.0,0.0,0.0,3.0,
2026-08-18,packaging,O,1367.0,0.0,0.0,0.0,0.0,0.0,1367.0,
2026-08-18,packaging,O Bar,2.0,0.0,0.0,0.0,0.0,0.0,2.0,
2026-08-18,packaging,O အစုံ,16.0,0.0,0.0,0.0,0.0,0.0,16.0,
2026-08-18,packaging,PB ခဲအိတ်,300.0,0.0,0.0,0.0,0.0,0.0,300.0,
2026-08-18,packaging,PB180Bar,3.0,0.0,0.0,0.0,0.0,0.0,3.0,
2026-08-18,packaging,PB180Sticker,37.0,0.0,0.0,0.0,0.0,0.0,37.0,
2026-08-18,packaging,PB180ခဲပြား,141.0,0.0,0.0,0.0,0.0,0.0,141.0,
2026-08-18,packaging,PB180ဖုံး,149.0,0.0,0.0,0.0,0.0,0.0,149.0,
2026-08-18,packaging,PB180ဘူး,34.0,0.0,0.0,0.0,0.0,0.0,34.0,
2026-08-18,packaging,PB400Bar,3.0,0.0,0.0,0.0,0.0,0.0,3.0,
2026-08-18,packaging,PB400sticker,29.0,0.0,0.0,0.0,0.0,0.0,29.0,
2026-08-18,packaging,PB400ခဲပြား,153.0,0.0,0.0,0.0,0.0,0.0,153.0,
2026-08-18,packaging,PB400ဖုံး,52.0,0.0,0.0,0.0,0.0,0.0,52.0,
2026-08-18,packaging,PB400ဘူး,40.0,0.0,0.0,0.0,0.0,0.0,40.0,
2026-08-18,packaging,PBD Bar,3.0,0.0,0.0,0.0,0.0,0.0,3.0,
2026-08-18,packaging,PBD Long,1384.0,0.0,0.0,0.0,0.0,0.0,1384.0,
2026-08-18,packaging,PBD Short,1450.0,0.0,0.0,0.0,0.0,0.0,1450.0,
2026-08-18,packaging,PBO Bar,3.0,0.0,0.0,0.0,0.0,0.0,3.0,
2026-08-18,packaging,PBO Long,1178.0,0.0,0.0,0.0,0.0,0.0,1178.0,
2026-08-18,packaging,PBO Short,1281.0,0.0,0.0,0.0,0.0,0.0,1281.0,
2026-08-18,packaging,PJ Bar နောက်,1750.0,0.0,0.0,0.0,0.0,0.0,1750.0,
2026-08-18,packaging,PJ Bar ရှေ့,56.0,0.0,0.0,0.0,0.0,0.0,56.0,
2026-08-18,packaging,Peanut 50gအိတ်,1004.0,0.0,0.0,0.0,0.0,0.0,1004.0,
2026-08-18,packaging,S,1176.0,0.0,0.0,0.0,0.0,0.0,1176.0,
2026-08-18,packaging,S Bar,4494.0,0.0,0.0,0.0,0.0,0.0,4494.0,
2026-08-18,packaging,S အစုံ,11.0,0.0,0.0,0.0,0.0,0.0,11.0,
2026-08-18,packaging,Sample ခဲအိတ်,100.0,0.0,0.0,0.0,0.0,0.0,100.0,
2026-08-18,packaging,Smile,3387.0,0.0,0.0,0.0,0.0,0.0,3387.0,
2026-08-18,packaging,Tape,17.0,0.0,0.0,0.0,0.0,0.0,17.0,
2026-08-18,packaging,Tissue,8.0,0.0,0.0,0.0,0.0,0.0,8.0,
2026-08-18,packaging,WMB,457.0,0.0,0.0,0.0,0.0,0.0,457.0,
2026-08-18,packaging,ခဲဇစ်,2621.0,0.0,0.0,0.0,0.0,0.0,2621.0,
2026-08-18,packaging,နယ်ကဒ်,106.0,0.0,0.0,0.0,0.0,0.0,106.0,
2026-08-18,packaging,မှိုက်ကြီး,3.0,0.0,0.0,0.0,0.0,0.0,3.0,
2026-08-18,packaging,မှိုက်သေး,3.0,0.0,0.0,0.0,0.0,0.0,3.0,
2026-08-18,packaging,လက်အိတ်,18.0,0.0,0.0,0.0,0.0,0.0,18.0,
2026-08-18,packaging,အလှအိတ်,96.0,0.0,0.0,0.0,0.0,0.0,96.0,
2026-08-19,packaging,15×25,652.0,200.0,230.0,212.0,0.0,18.0,834.0,
2026-08-19,packaging,15×25 R&D,98.0,0.0,0.0,0.0,0.0,0.0,98.0,
2026-08-19,packaging,4တင်းကျွတ်,2.0,3.0,3.0,0.0,0.0,3.0,2.0,
2026-08-19,packaging,5,3.0,0.0,0.0,0.0,0.0,0.0,3.0,
2026-08-19,packaging,5×22 R&D,100.0,0.0,0.0,0.0,0.0,0.0,100.0,
2026-08-19,packaging,6,5.0,0.0,0.0,0.0,0.0,0.0,5.0,
2026-08-19,packaging,6.5,5.0,0.0,0.0,0.0,0.0,0.0,5.0,
2026-08-19,packaging,7,4.0,0.0,0.0,0.0,0.0,0.0,4.0,
2026-08-19,packaging,750,231.0,0.0,50.0,5.0,0.0,45.0,186.0,
2026-08-19,packaging,Absober,5690.0,0.0,378.0,0.0,0.0,378.0,5312.0,
2026-08-19,packaging,Bar ခဲပိတ်,114.0,0.0,0.0,0.0,0.0,0.0,114.0,
2026-08-19,packaging,Barဇစ်,635.0,0.0,0.0,0.0,0.0,0.0,635.0,
2026-08-19,packaging,Barဖု,94.0,0.0,0.0,0.0,0.0,0.0,94.0,
2026-08-19,packaging,Br Bar,3.0,0.0,0.0,0.0,0.0,0.0,3.0,
2026-08-19,packaging,Br Sticker,55.0,0.0,54.0,0.0,0.0,54.0,1.0,
2026-08-19,packaging,C,1672.0,0.0,62.0,0.0,0.0,62.0,1610.0,
2026-08-19,packaging,C Bar,3.0,0.0,0.0,0.0,0.0,0.0,3.0,
2026-08-19,packaging,C အစုံ,13.0,0.0,0.0,0.0,0.0,0.0,13.0,
2026-08-19,packaging,Cc,1200.0,0.0,92.0,52.0,0.0,40.0,1160.0,
2026-08-19,packaging,Cc bar,13767.0,0.0,42.0,0.0,2.0,40.0,13725.0,
2026-08-19,packaging,Cp,33.0,0.0,0.0,0.0,0.0,0.0,33.0,
2026-08-19,packaging,D,1212.0,0.0,119.0,0.0,0.0,119.0,1093.0,
2026-08-19,packaging,D Bar,2.0,0.0,0.0,0.0,0.0,0.0,2.0,
2026-08-19,packaging,EB,310.0,0.0,0.0,0.0,0.0,0.0,310.0,
2026-08-19,packaging,Gift Box,695.0,0.0,0.0,0.0,0.0,0.0,695.0,
2026-08-19,packaging,Lavash Sticker,125.0,0.0,0.0,0.0,0.0,0.0,125.0,
2026-08-19,packaging,Lavash အိတ်,66.0,0.0,0.0,0.0,0.0,0.0,66.0,
2026-08-19,packaging,Logo,222.0,0.0,0.0,0.0,0.0,0.0,222.0,
2026-08-19,packaging,NB,167.0,0.0,0.0,0.0,0.0,0.0,167.0,
2026-08-19,packaging,Nc,172.0,0.0,3.0,0.0,0.0,3.0,169.0,
2026-08-19,packaging,Nco,1197.0,0.0,50.0,8.0,0.0,42.0,1155.0,
2026-08-19,packaging,Nco bar,3.0,0.0,0.0,0.0,0.0,0.0,3.0,
2026-08-19,packaging,O,1367.0,0.0,63.0,20.0,0.0,43.0,1324.0,
2026-08-19,packaging,O Bar,2.0,0.0,0.0,0.0,0.0,0.0,2.0,
2026-08-19,packaging,O အစုံ,16.0,0.0,0.0,0.0,0.0,0.0,16.0,
2026-08-19,packaging,PB ခဲအိတ်,300.0,0.0,0.0,0.0,0.0,0.0,300.0,
2026-08-19,packaging,PB180Bar,3.0,0.0,0.0,0.0,0.0,0.0,3.0,
2026-08-19,packaging,PB180Sticker,37.0,0.0,0.0,0.0,0.0,0.0,37.0,
2026-08-19,packaging,PB180ခဲပြား,141.0,0.0,0.0,0.0,0.0,0.0,141.0,
2026-08-19,packaging,PB180ဖုံး,149.0,0.0,0.0,0.0,0.0,0.0,149.0,
2026-08-19,packaging,PB180ဘူး,34.0,0.0,0.0,0.0,0.0,0.0,34.0,
2026-08-19,packaging,PB400Bar,3.0,0.0,0.0,0.0,0.0,0.0,3.0,
2026-08-19,packaging,PB400sticker,29.0,0.0,0.0,0.0,0.0,0.0,29.0,
2026-08-19,packaging,PB400ခဲပြား,153.0,0.0,0.0,0.0,0.0,0.0,153.0,
2026-08-19,packaging,PB400ဖုံး,52.0,0.0,0.0,0.0,0.0,0.0,52.0,
2026-08-19,packaging,PB400ဘူး,40.0,0.0,0.0,0.0,0.0,0.0,40.0,
2026-08-19,packaging,PBD Bar,3.0,0.0,0.0,0.0,0.0,0.0,3.0,
2026-08-19,packaging,PBD Long,1384.0,0.0,0.0,0.0,0.0,0.0,1384.0,
2026-08-19,packaging,PBD Short,1450.0,0.0,0.0,0.0,0.0,0.0,1450.0,
2026-08-19,packaging,PBO Bar,3.0,0.0,0.0,0.0,0.0,0.0,3.0,
2026-08-19,packaging,PBO Long,1178.0,0.0,0.0,0.0,0.0,0.0,1178.0,
2026-08-19,packaging,PBO Short,1281.0,0.0,0.0,0.0,0.0,0.0,1281.0,
2026-08-19,packaging,PJ Bar နောက်,1750.0,0.0,0.0,0.0,0.0,0.0,1750.0,
2026-08-19,packaging,PJ Bar ရှေ့,56.0,0.0,0.0,0.0,0.0,0.0,56.0,
2026-08-19,packaging,Peanut 50gအိတ်,1004.0,0.0,0.0,0.0,0.0,0.0,1004.0,
2026-08-19,packaging,S,1176.0,0.0,100.0,22.0,1.0,77.0,1098.0,
2026-08-19,packaging,S Bar,4494.0,0.0,100.0,21.0,2.0,77.0,4415.0,
2026-08-19,packaging,S အစုံ,11.0,0.0,0.0,0.0,0.0,0.0,11.0,
2026-08-19,packaging,Sample ခဲအိတ်,100.0,0.0,0.0,0.0,0.0,0.0,100.0,
2026-08-19,packaging,Smile,3387.0,0.0,1002.0,0.0,0.0,1002.0,2385.0,
2026-08-19,packaging,Tape,17.0,0.0,0.0,0.0,0.0,0.0,17.0,
2026-08-19,packaging,Tissue,8.0,0.0,0.0,0.0,0.0,0.0,8.0,
2026-08-19,packaging,WMB,457.0,0.0,4.0,0.0,0.0,4.0,453.0,
2026-08-19,packaging,ခဲဇစ်,2621.0,0.0,276.0,0.0,2.0,274.0,2345.0,
2026-08-19,packaging,နယ်ကဒ်,106.0,0.0,5.0,0.0,0.0,5.0,101.0,
2026-08-19,packaging,မှိုက်ကြီး,3.0,0.0,0.0,0.0,0.0,0.0,3.0,
2026-08-19,packaging,မှိုက်သေး,3.0,0.0,0.0,0.0,0.0,0.0,3.0,
2026-08-19,packaging,လက်အိတ်,18.0,0.0,12.0,0.0,0.0,12.0,6.0,
2026-08-19,packaging,အလှအိတ်,96.0,0.0,0.0,0.0,0.0,0.0,96.0,
2026-08-20,packaging,15×25,834.0,0.0,400.0,247.0,8.0,145.0,681.0,4ခုမုန့်ပိုထည့်
2026-08-20,packaging,15×25 R&D,98.0,0.0,0.0,0.0,0.0,0.0,98.0,
2026-08-20,packaging,4တင်းကျွတ်,2.0,0.0,0.0,0.0,0.0,0.0,2.0,
2026-08-20,packaging,5,3.0,0.0,0.0,0.0,0.0,0.0,3.0,
2026-08-20,packaging,5×22 R&D,100.0,0.0,0.0,0.0,0.0,0.0,100.0,
2026-08-20,packaging,6,5.0,0.0,3.0,0.0,0.0,3.0,2.0,
2026-08-20,packaging,6.5,5.0,0.0,0.0,0.0,0.0,0.0,5.0,
2026-08-20,packaging,7,4.0,0.0,0.0,0.0,0.0,0.0,4.0,
2026-08-20,packaging,750,186.0,300.0,57.0,0.0,4.0,53.0,429.0,
2026-08-20,packaging,Absober,5312.0,0.0,400.0,53.0,0.0,347.0,4965.0,
2026-08-20,packaging,Bar ခဲပိတ်,114.0,0.0,0.0,0.0,0.0,0.0,114.0,
2026-08-20,packaging,Barဇစ်,635.0,0.0,0.0,0.0,0.0,0.0,635.0,
2026-08-20,packaging,Barဖု,94.0,0.0,0.0,0.0,0.0,0.0,94.0,
2026-08-20,packaging,Br Bar,3.0,0.0,0.0,0.0,0.0,0.0,3.0,
2026-08-20,packaging,Br Sticker,1.0,0.0,0.0,0.0,0.0,0.0,1.0,
2026-08-20,packaging,C,1610.0,0.0,30.0,17.0,0.0,13.0,1597.0,
2026-08-20,packaging,C Bar,3.0,0.0,0.0,0.0,0.0,0.0,3.0,
2026-08-20,packaging,C အစုံ,13.0,0.0,0.0,0.0,0.0,0.0,13.0,
2026-08-20,packaging,Cc,1160.0,0.0,85.0,5.0,0.0,80.0,1080.0,
2026-08-20,packaging,Cc bar,13725.0,0.0,0.0,0.0,0.0,0.0,13725.0,
2026-08-20,packaging,Cp,33.0,0.0,0.0,0.0,0.0,0.0,33.0,
2026-08-20,packaging,D,1093.0,0.0,72.0,3.0,0.0,69.0,1024.0,
2026-08-20,packaging,D Bar,2.0,0.0,0.0,0.0,0.0,0.0,2.0,
2026-08-20,packaging,EB,310.0,0.0,0.0,0.0,0.0,0.0,310.0,
2026-08-20,packaging,Gift Box,695.0,0.0,0.0,0.0,0.0,0.0,695.0,
2026-08-20,packaging,Lavash Sticker,125.0,0.0,0.0,0.0,0.0,0.0,125.0,
2026-08-20,packaging,Lavash အိတ်,66.0,0.0,0.0,0.0,0.0,0.0,66.0,
2026-08-20,packaging,Logo,222.0,0.0,0.0,0.0,0.0,0.0,222.0,
2026-08-20,packaging,NB,167.0,0.0,0.0,0.0,0.0,0.0,167.0,
2026-08-20,packaging,Nc,169.0,0.0,0.0,0.0,0.0,0.0,169.0,
2026-08-20,packaging,Nco,1155.0,0.0,58.0,7.0,0.0,51.0,1104.0,
2026-08-20,packaging,Nco bar,3.0,0.0,0.0,0.0,0.0,0.0,3.0,
2026-08-20,packaging,O,1324.0,0.0,96.0,0.0,4.0,92.0,1228.0,
2026-08-20,packaging,O Bar,2.0,0.0,0.0,0.0,0.0,0.0,2.0,
2026-08-20,packaging,O အစုံ,16.0,0.0,0.0,0.0,0.0,0.0,16.0,
2026-08-20,packaging,PB ခဲအိတ်,300.0,0.0,0.0,0.0,0.0,0.0,300.0,
2026-08-20,packaging,PB180Bar,3.0,0.0,0.0,0.0,0.0,0.0,3.0,
2026-08-20,packaging,PB180Sticker,37.0,0.0,1.0,0.0,0.0,1.0,36.0,
2026-08-20,packaging,PB180ခဲပြား,141.0,0.0,1.0,0.0,0.0,1.0,140.0,
2026-08-20,packaging,PB180ဖုံး,149.0,0.0,1.0,0.0,0.0,1.0,148.0,
2026-08-20,packaging,PB180ဘူး,34.0,0.0,1.0,0.0,0.0,1.0,33.0,
2026-08-20,packaging,PB400Bar,3.0,0.0,0.0,0.0,0.0,0.0,3.0,
2026-08-20,packaging,PB400sticker,29.0,0.0,0.0,0.0,0.0,0.0,29.0,
2026-08-20,packaging,PB400ခဲပြား,153.0,0.0,0.0,0.0,0.0,0.0,153.0,
2026-08-20,packaging,PB400ဖုံး,52.0,0.0,0.0,0.0,0.0,0.0,52.0,
2026-08-20,packaging,PB400ဘူး,40.0,0.0,0.0,0.0,0.0,0.0,40.0,
2026-08-20,packaging,PBD Bar,3.0,0.0,0.0,0.0,0.0,0.0,3.0,
2026-08-20,packaging,PBD Long,1384.0,0.0,175.0,28.0,2.0,145.0,1237.0,
2026-08-20,packaging,PBD Short,1450.0,0.0,175.0,28.0,2.0,145.0,1303.0,
2026-08-20,packaging,PBO Bar,3.0,0.0,0.0,0.0,0.0,0.0,3.0,
2026-08-20,packaging,PBO Long,1178.0,0.0,149.0,147.0,2.0,0.0,1176.0,
2026-08-20,packaging,PBO Short,1281.0,0.0,149.0,147.0,2.0,0.0,1279.0,
2026-08-20,packaging,PJ Bar နောက်,1750.0,0.0,0.0,0.0,0.0,0.0,1750.0,
2026-08-20,packaging,PJ Bar ရှေ့,56.0,0.0,0.0,0.0,0.0,0.0,56.0,
2026-08-20,packaging,Peanut 50gအိတ်,1004.0,0.0,0.0,0.0,0.0,0.0,1004.0,
2026-08-20,packaging,S,1098.0,0.0,46.0,4.0,0.0,42.0,1056.0,
2026-08-20,packaging,S Bar,4415.0,0.0,0.0,0.0,0.0,0.0,4415.0,
2026-08-20,packaging,S အစုံ,11.0,0.0,0.0,0.0,0.0,0.0,11.0,
2026-08-20,packaging,Sample ခဲအိတ်,100.0,0.0,0.0,0.0,0.0,0.0,100.0,
2026-08-20,packaging,Smile,2385.0,0.0,1000.0,110.0,2.0,888.0,1495.0,
2026-08-20,packaging,Tape,17.0,0.0,0.0,0.0,0.0,0.0,17.0,
2026-08-20,packaging,Tissue,8.0,0.0,0.0,0.0,0.0,0.0,8.0,
2026-08-20,packaging,WMB,453.0,0.0,0.0,0.0,0.0,0.0,453.0,
2026-08-20,packaging,ခဲဇစ်,2345.0,0.0,324.0,175.0,4.0,145.0,2196.0,
2026-08-20,packaging,နယ်ကဒ်,101.0,0.0,2.0,0.0,0.0,2.0,99.0,
2026-08-20,packaging,မှိုက်ကြီး,3.0,0.0,0.0,0.0,0.0,0.0,3.0,
2026-08-20,packaging,မှိုက်သေး,3.0,0.0,0.0,0.0,0.0,0.0,3.0,
2026-08-20,packaging,လက်အိတ်,6.0,4.0,0.0,0.0,0.0,0.0,10.0,
2026-08-20,packaging,အလှအိတ်,96.0,0.0,0.0,0.0,0.0,0.0,96.0,
